part_ID,part_name,vehicle_ID
7,Armor Plates,1
29,Antenna,1
1,Engine,1
24,Fire Suppression,1
11,Battery,1
25,Exhaust,1
11,Battery,2
8,Fuel Tank,2
29,Antenna,2
22,Radar,2
28,Windshield,2
7,Armor Plates,2
5,Gun,2
7,Armor Plates,3
23,Smoke Launcher,3
11,Battery,3
26,Hatch,3
24,Fire Suppression,3
6,Ammunition,3
2,Transmission,4
13,Track,4
17,Brake System,4
23,Smoke Launcher,4
28,Windshield,4
29,Antenna,4
18,Steering,4
5,Gun,5
7,Armor Plates,5
28,Windshield,5
8,Fuel Tank,5
25,Exhaust,5
2,Transmission,5
13,Track,5
23,Smoke Launcher,5
12,Turret,6
21,Camera,6
10,Radio,6
25,Exhaust,6
15,Cooling System,6
9,Navigation System,6
29,Antenna,6
4,Tires,6
2,Transmission,6
7,Armor Plates,7
29,Antenna,7
30,Starter,7
9,Navigation System,7
28,Windshield,7
17,Brake System,7
21,Camera,7
23,Smoke Launcher,7
22,Radar,7
10,Radio,7
30,Starter,8
1,Engine,8
21,Camera,8
22,Radar,8
8,Fuel Tank,8
13,Track,8
24,Fire Suppression,8
25,Exhaust,8
23,Smoke Launcher,8
17,Brake System,9
5,Gun,9
13,Track,9
3,Wheels,9
9,Navigation System,9
12,Turret,9
8,Fuel Tank,10
10,Radio,10
26,Hatch,10
29,Antenna,10
19,Seat,10
14,Suspension,10
20,Lights,11
24,Fire Suppression,11
5,Gun,11
23,Smoke Launcher,11
26,Hatch,11
7,Armor Plates,11
22,Radar,12
1,Engine,12
19,Seat,12
17,Brake System,12
10,Radio,12
12,Turret,12
26,Hatch,12
28,Windshield,12
3,Wheels,12
11,Battery,13
14,Suspension,13
25,Exhaust,13
30,Starter,13
3,Wheels,13
13,Track,13
21,Camera,13
6,Ammunition,13
16,Hydraulics,14
11,Battery,14
5,Gun,14
29,Antenna,14
9,Navigation System,14
17,Brake System,14
24,Fire Suppression,14
28,Windshield,14
4,Tires,15
1,Engine,15
22,Radar,15
11,Battery,15
18,Steering,15
20,Lights,15
7,Armor Plates,15
15,Cooling System,15
19,Seat,15
3,Wheels,15
28,Windshield,16
22,Radar,16
18,Steering,16
30,Starter,16
25,Exhaust,16
17,Brake System,16
9,Navigation System,16
10,Radio,17
9,Navigation System,17
16,Hydraulics,17
14,Suspension,17
24,Fire Suppression,17
25,Exhaust,18
13,Track,18
24,Fire Suppression,18
21,Camera,18
19,Seat,18
15,Cooling System,18
23,Smoke Launcher,19
8,Fuel Tank,19
7,Armor Plates,19
30,Starter,19
15,Cooling System,19
26,Hatch,19
19,Seat,19
4,Tires,20
27,Mirror,20
14,Suspension,20
2,Transmission,20
5,Gun,20
15,Cooling System,20
3,Wheels,20
8,Fuel Tank,20
20,Lights,20
6,Ammunition,20
7,Armor Plates,21
11,Battery,21
3,Wheels,21
26,Hatch,21
19,Seat,21
29,Antenna,21
27,Mirror,22
23,Smoke Launcher,22
12,Turret,22
9,Navigation System,22
16,Hydraulics,22
26,Hatch,22
11,Battery,23
22,Radar,23
8,Fuel Tank,23
15,Cooling System,23
4,Tires,23
18,Steering,23
26,Hatch,23
26,Hatch,24
8,Fuel Tank,24
24,Fire Suppression,24
6,Ammunition,24
5,Gun,24
7,Armor Plates,25
18,Steering,25
12,Turret,25
4,Tires,25
13,Track,25
1,Engine,25
26,Hatch,25
28,Windshield,25
11,Battery,25
11,Battery,26
4,Tires,26
8,Fuel Tank,26
3,Wheels,26
9,Navigation System,26
27,Mirror,26
26,Hatch,26
10,Radio,27
6,Ammunition,27
21,Camera,27
18,Steering,27
26,Hatch,27
7,Armor Plates,27
11,Battery,27
30,Starter,27
2,Transmission,27
23,Smoke Launcher,28
17,Brake System,28
13,Track,28
18,Steering,28
10,Radio,28
7,Armor Plates,28
25,Exhaust,29
28,Windshield,29
26,Hatch,29
30,Starter,29
19,Seat,29
17,Brake System,29
4,Tires,30
29,Antenna,30
2,Transmission,30
15,Cooling System,30
14,Suspension,30
10,Radio,30
30,Starter,31
6,Ammunition,31
2,Transmission,31
27,Mirror,31
21,Camera,31
24,Fire Suppression,31
7,Armor Plates,31
23,Smoke Launcher,31
8,Fuel Tank,32
5,Gun,32
29,Antenna,32
6,Ammunition,32
17,Brake System,32
10,Radio,33
24,Fire Suppression,33
15,Cooling System,33
5,Gun,33
19,Seat,33
8,Fuel Tank,33
1,Engine,33
28,Windshield,33
4,Tires,33
13,Track,33
25,Exhaust,34
29,Antenna,34
11,Battery,34
1,Engine,34
13,Track,34
4,Tires,35
17,Brake System,35
28,Windshield,35
21,Camera,35
12,Turret,35
27,Mirror,35
5,Gun,35
24,Fire Suppression,35
23,Smoke Launcher,35
18,Steering,36
27,Mirror,36
2,Transmission,36
25,Exhaust,36
24,Fire Suppression,36
5,Gun,36
1,Engine,36
28,Windshield,36
26,Hatch,36
8,Fuel Tank,36
24,Fire Suppression,37
23,Smoke Launcher,37
17,Brake System,37
21,Camera,37
26,Hatch,37
6,Ammunition,37
25,Exhaust,37
19,Seat,37
16,Hydraulics,37
14,Suspension,37
15,Cooling System,38
16,Hydraulics,38
20,Lights,38
9,Navigation System,38
19,Seat,38
3,Wheels,38
1,Engine,38
25,Exhaust,38
21,Camera,38
8,Fuel Tank,38
7,Armor Plates,39
28,Windshield,39
25,Exhaust,39
26,Hatch,39
10,Radio,39
17,Brake System,39
11,Battery,39
1,Engine,39
24,Fire Suppression,39
27,Mirror,39
7,Armor Plates,40
23,Smoke Launcher,40
25,Exhaust,40
24,Fire Suppression,40
4,Tires,40
9,Navigation System,40
16,Hydraulics,40
14,Suspension,40
17,Brake System,40
7,Armor Plates,41
13,Track,41
24,Fire Suppression,41
25,Exhaust,41
26,Hatch,41
29,Antenna,41
28,Windshield,41
10,Radio,41
20,Lights,41
3,Wheels,41
14,Suspension,42
19,Seat,42
21,Camera,42
22,Radar,42
11,Battery,42
6,Ammunition,42
18,Steering,42
28,Windshield,42
5,Gun,43
17,Brake System,43
11,Battery,43
7,Armor Plates,43
12,Turret,43
29,Antenna,43
2,Transmission,43
27,Mirror,43
24,Fire Suppression,43
30,Starter,44
5,Gun,44
15,Cooling System,44
23,Smoke Launcher,44
21,Camera,44
25,Exhaust,44
9,Navigation System,44
18,Steering,44
17,Brake System,44
2,Transmission,45
4,Tires,45
20,Lights,45
29,Antenna,45
22,Radar,45
27,Mirror,45
18,Steering,45
7,Armor Plates,45
11,Battery,45
14,Suspension,45
9,Navigation System,46
15,Cooling System,46
8,Fuel Tank,46
19,Seat,46
29,Antenna,46
24,Fire Suppression,47
28,Windshield,47
17,Brake System,47
27,Mirror,47
26,Hatch,47
5,Gun,47
25,Exhaust,48
22,Radar,48
21,Camera,48
9,Navigation System,48
20,Lights,48
29,Antenna,48
4,Tires,48
18,Steering,48
13,Track,48
7,Armor Plates,48
12,Turret,49
20,Lights,49
15,Cooling System,49
28,Windshield,49
30,Starter,49
25,Exhaust,50
16,Hydraulics,50
17,Brake System,50
12,Turret,50
14,Suspension,50
15,Cooling System,50
18,Steering,50
9,Navigation System,50
2,Transmission,50
6,Ammunition,50
20,Lights,51
28,Windshield,51
1,Engine,51
26,Hatch,51
29,Antenna,51
8,Fuel Tank,51
19,Seat,51
9,Navigation System,51
15,Cooling System,51
17,Brake System,52
3,Wheels,52
25,Exhaust,52
26,Hatch,52
10,Radio,52
4,Tires,53
7,Armor Plates,53
22,Radar,53
1,Engine,53
5,Gun,53
18,Steering,53
17,Brake System,53
14,Suspension,54
3,Wheels,54
9,Navigation System,54
15,Cooling System,54
16,Hydraulics,54
22,Radar,54
25,Exhaust,55
3,Wheels,55
17,Brake System,55
6,Ammunition,55
27,Mirror,55
7,Armor Plates,55
11,Battery,55
4,Tires,55
27,Mirror,56
8,Fuel Tank,56
6,Ammunition,56
7,Armor Plates,56
13,Track,56
2,Transmission,57
24,Fire Suppression,57
20,Lights,57
19,Seat,57
18,Steering,57
13,Track,57
4,Tires,57
12,Turret,58
10,Radio,58
20,Lights,58
1,Engine,58
15,Cooling System,58
25,Exhaust,58
3,Wheels,58
27,Mirror,58
25,Exhaust,59
24,Fire Suppression,59
16,Hydraulics,59
4,Tires,59
30,Starter,59
12,Turret,60
7,Armor Plates,60
30,Starter,60
6,Ammunition,60
22,Radar,60
20,Lights,60
17,Brake System,60
10,Radio,60
27,Mirror,60
21,Camera,61
5,Gun,61
19,Seat,61
23,Smoke Launcher,61
4,Tires,61
24,Fire Suppression,61
9,Navigation System,61
20,Lights,61
25,Exhaust,61
20,Lights,62
11,Battery,62
2,Transmission,62
5,Gun,62
15,Cooling System,62
12,Turret,62
30,Starter,62
18,Steering,63
24,Fire Suppression,63
7,Armor Plates,63
1,Engine,63
21,Camera,63
28,Windshield,64
25,Exhaust,64
27,Mirror,64
10,Radio,64
24,Fire Suppression,64
15,Cooling System,64
8,Fuel Tank,64
3,Wheels,64
25,Exhaust,65
10,Radio,65
30,Starter,65
19,Seat,65
24,Fire Suppression,65
27,Mirror,65
13,Track,66
28,Windshield,66
15,Cooling System,66
4,Tires,66
26,Hatch,66
1,Engine,66
22,Radar,66
3,Wheels,66
3,Wheels,67
5,Gun,67
20,Lights,67
12,Turret,67
27,Mirror,67
1,Engine,67
23,Smoke Launcher,67
9,Navigation System,67
16,Hydraulics,67
17,Brake System,67
19,Seat,68
10,Radio,68
15,Cooling System,68
17,Brake System,68
8,Fuel Tank,68
22,Radar,68
9,Navigation System,68
6,Ammunition,68
21,Camera,68
24,Fire Suppression,69
17,Brake System,69
5,Gun,69
4,Tires,69
14,Suspension,69
9,Navigation System,69
1,Engine,69
19,Seat,69
7,Armor Plates,69
10,Radio,69
4,Tires,70
15,Cooling System,70
10,Radio,70
3,Wheels,70
26,Hatch,70
23,Smoke Launcher,70
25,Exhaust,70
24,Fire Suppression,71
2,Transmission,71
13,Track,71
22,Radar,71
25,Exhaust,71
6,Ammunition,71
17,Brake System,71
25,Exhaust,72
26,Hatch,72
15,Cooling System,72
9,Navigation System,72
22,Radar,72
4,Tires,72
8,Fuel Tank,72
18,Steering,72
5,Gun,72
1,Engine,72
25,Exhaust,73
28,Windshield,73
13,Track,73
9,Navigation System,73
12,Turret,73
19,Seat,73
22,Radar,73
2,Transmission,73
8,Fuel Tank,73
21,Camera,74
7,Armor Plates,74
1,Engine,74
12,Turret,74
2,Transmission,74
11,Battery,74
23,Smoke Launcher,74
29,Antenna,74
20,Lights,74
22,Radar,74
4,Tires,75
6,Ammunition,75
23,Smoke Launcher,75
24,Fire Suppression,75
12,Turret,75
7,Armor Plates,75
26,Hatch,75
3,Wheels,75
23,Smoke Launcher,76
20,Lights,76
6,Ammunition,76
13,Track,76
9,Navigation System,76
28,Windshield,76
25,Exhaust,76
18,Steering,76
8,Fuel Tank,76
5,Gun,76
16,Hydraulics,77
7,Armor Plates,77
12,Turret,77
24,Fire Suppression,77
1,Engine,77
26,Hatch,77
25,Exhaust,77
19,Seat,77
13,Track,77
17,Brake System,78
3,Wheels,78
22,Radar,78
8,Fuel Tank,78
18,Steering,78
12,Turret,78
25,Exhaust,78
4,Tires,78
13,Track,78
27,Mirror,78
22,Radar,79
15,Cooling System,79
27,Mirror,79
5,Gun,79
7,Armor Plates,79
16,Hydraulics,79
10,Radio,79
6,Ammunition,80
15,Cooling System,80
14,Suspension,80
8,Fuel Tank,80
24,Fire Suppression,80
2,Transmission,80
25,Exhaust,80
21,Camera,80
3,Wheels,81
6,Ammunition,81
20,Lights,81
9,Navigation System,81
4,Tires,81
8,Fuel Tank,81
15,Cooling System,81
12,Turret,81
9,Navigation System,82
20,Lights,82
5,Gun,82
27,Mirror,82
13,Track,82
2,Transmission,83
7,Armor Plates,83
5,Gun,83
20,Lights,83
10,Radio,83
4,Tires,83
26,Hatch,83
15,Cooling System,83
14,Suspension,83
28,Windshield,84
7,Armor Plates,84
5,Gun,84
21,Camera,84
11,Battery,84
2,Transmission,84
17,Brake System,84
9,Navigation System,84
8,Fuel Tank,84
8,Fuel Tank,85
22,Radar,85
5,Gun,85
21,Camera,85
27,Mirror,85
13,Track,86
11,Battery,86
30,Starter,86
8,Fuel Tank,86
18,Steering,86
10,Radio,86
9,Navigation System,86
16,Hydraulics,86
25,Exhaust,86
5,Gun,86
28,Windshield,87
7,Armor Plates,87
18,Steering,87
21,Camera,87
2,Transmission,87
25,Exhaust,87
4,Tires,88
12,Turret,88
19,Seat,88
1,Engine,88
29,Antenna,88
6,Ammunition,88
30,Starter,88
3,Wheels,89
29,Antenna,89
14,Suspension,89
28,Windshield,89
21,Camera,89
27,Mirror,89
4,Tires,89
9,Navigation System,89
20,Lights,90
15,Cooling System,90
16,Hydraulics,90
25,Exhaust,90
17,Brake System,90
13,Track,90
5,Gun,90
29,Antenna,90
23,Smoke Launcher,90
6,Ammunition,90
17,Brake System,91
4,Tires,91
20,Lights,91
23,Smoke Launcher,91
25,Exhaust,91
16,Hydraulics,91
7,Armor Plates,91
28,Windshield,91
27,Mirror,91
8,Fuel Tank,92
26,Hatch,92
10,Radio,92
28,Windshield,92
16,Hydraulics,92
4,Tires,93
2,Transmission,93
23,Smoke Launcher,93
24,Fire Suppression,93
1,Engine,93
29,Antenna,94
10,Radio,94
3,Wheels,94
9,Navigation System,94
1,Engine,94
18,Steering,94
2,Transmission,94
22,Radar,94
7,Armor Plates,94
19,Seat,94
19,Seat,95
7,Armor Plates,95
16,Hydraulics,95
25,Exhaust,95
21,Camera,95
5,Gun,95
27,Mirror,95
2,Transmission,95
15,Cooling System,95
28,Windshield,95
1,Engine,96
18,Steering,96
5,Gun,96
11,Battery,96
30,Starter,96
17,Brake System,96
4,Tires,97
16,Hydraulics,97
12,Turret,97
22,Radar,97
3,Wheels,97
2,Transmission,97
30,Starter,97
27,Mirror,97
24,Fire Suppression,97
9,Navigation System,97
6,Ammunition,98
12,Turret,98
7,Armor Plates,98
15,Cooling System,98
28,Windshield,98
11,Battery,98
23,Smoke Launcher,99
11,Battery,99
19,Seat,99
14,Suspension,99
28,Windshield,99
9,Navigation System,99
26,Hatch,99
2,Transmission,99
8,Fuel Tank,99
1,Engine,99
10,Radio,100
21,Camera,100
3,Wheels,100
18,Steering,100
16,Hydraulics,100
30,Starter,100
17,Brake System,101
26,Hatch,101
5,Gun,101
18,Steering,101
21,Camera,101
3,Wheels,101
7,Armor Plates,102
20,Lights,102
6,Ammunition,102
26,Hatch,102
8,Fuel Tank,102
22,Radar,102
21,Camera,102
13,Track,102
2,Transmission,103
3,Wheels,103
13,Track,103
30,Starter,103
4,Tires,103
10,Radio,103
1,Engine,103
1,Engine,104
11,Battery,104
18,Steering,104
25,Exhaust,104
3,Wheels,104
6,Ammunition,104
16,Hydraulics,104
16,Hydraulics,105
25,Exhaust,105
30,Starter,105
7,Armor Plates,105
12,Turret,105
10,Radio,105
5,Gun,105
6,Ammunition,105
23,Smoke Launcher,105
2,Transmission,106
30,Starter,106
19,Seat,106
28,Windshield,106
11,Battery,106
6,Ammunition,106
4,Tires,106
14,Suspension,106
21,Camera,106
16,Hydraulics,106
18,Steering,107
26,Hatch,107
5,Gun,107
2,Transmission,107
17,Brake System,107
9,Navigation System,107
8,Fuel Tank,108
12,Turret,108
22,Radar,108
3,Wheels,108
25,Exhaust,108
27,Mirror,108
9,Navigation System,108
29,Antenna,109
27,Mirror,109
8,Fuel Tank,109
4,Tires,109
2,Transmission,109
25,Exhaust,109
14,Suspension,109
30,Starter,109
24,Fire Suppression,109
26,Hatch,110
3,Wheels,110
28,Windshield,110
10,Radio,110
25,Exhaust,110
4,Tires,110
13,Track,110
29,Antenna,110
17,Brake System,110
1,Engine,110
8,Fuel Tank,111
28,Windshield,111
26,Hatch,111
4,Tires,111
9,Navigation System,111
9,Navigation System,112
20,Lights,112
26,Hatch,112
30,Starter,112
21,Camera,112
25,Exhaust,112
19,Seat,112
3,Wheels,113
26,Hatch,113
1,Engine,113
30,Starter,113
21,Camera,113
2,Transmission,113
12,Turret,113
22,Radar,113
23,Smoke Launcher,113
1,Engine,114
25,Exhaust,114
4,Tires,114
27,Mirror,114
6,Ammunition,114
3,Wheels,114
11,Battery,114
13,Track,114
28,Windshield,114
19,Seat,114
21,Camera,115
17,Brake System,115
8,Fuel Tank,115
20,Lights,115
10,Radio,115
1,Engine,115
28,Windshield,115
4,Tires,115
17,Brake System,116
3,Wheels,116
19,Seat,116
8,Fuel Tank,116
4,Tires,116
26,Hatch,116
1,Engine,116
22,Radar,117
5,Gun,117
19,Seat,117
20,Lights,117
28,Windshield,117
21,Camera,118
5,Gun,118
2,Transmission,118
27,Mirror,118
20,Lights,118
22,Radar,118
30,Starter,118
22,Radar,119
7,Armor Plates,119
25,Exhaust,119
15,Cooling System,119
13,Track,119
27,Mirror,119
23,Smoke Launcher,120
8,Fuel Tank,120
9,Navigation System,120
25,Exhaust,120
26,Hatch,120
16,Hydraulics,120
7,Armor Plates,120
15,Cooling System,120
5,Gun,120
7,Armor Plates,121
27,Mirror,121
21,Camera,121
5,Gun,121
2,Transmission,121
13,Track,121
26,Hatch,121
19,Seat,121
19,Seat,122
20,Lights,122
10,Radio,122
4,Tires,122
27,Mirror,122
9,Navigation System,122
17,Brake System,122
30,Starter,122
1,Engine,122
11,Battery,123
2,Transmission,123
15,Cooling System,123
24,Fire Suppression,123
1,Engine,123
14,Suspension,123
22,Radar,123
2,Transmission,124
19,Seat,124
27,Mirror,124
5,Gun,124
8,Fuel Tank,124
16,Hydraulics,124
26,Hatch,124
30,Starter,124
3,Wheels,124
6,Ammunition,124
15,Cooling System,125
2,Transmission,125
18,Steering,125
7,Armor Plates,125
19,Seat,125
27,Mirror,126
22,Radar,126
13,Track,126
19,Seat,126
14,Suspension,126
6,Ammunition,126
21,Camera,126
17,Brake System,126
29,Antenna,127
19,Seat,127
1,Engine,127
4,Tires,127
8,Fuel Tank,127
10,Radio,127
28,Windshield,127
5,Gun,127
19,Seat,128
8,Fuel Tank,128
12,Turret,128
24,Fire Suppression,128
29,Antenna,128
14,Suspension,128
22,Radar,129
14,Suspension,129
18,Steering,129
3,Wheels,129
5,Gun,129
30,Starter,129
21,Camera,130
22,Radar,130
24,Fire Suppression,130
18,Steering,130
30,Starter,130
5,Gun,131
16,Hydraulics,131
15,Cooling System,131
9,Navigation System,131
13,Track,131
24,Fire Suppression,131
29,Antenna,131
12,Turret,131
14,Suspension,131
28,Windshield,131
13,Track,132
21,Camera,132
8,Fuel Tank,132
12,Turret,132
24,Fire Suppression,132
15,Cooling System,132
5,Gun,133
18,Steering,133
8,Fuel Tank,133
9,Navigation System,133
12,Turret,133
4,Tires,133
10,Radio,133
17,Brake System,133
14,Suspension,134
5,Gun,134
7,Armor Plates,134
30,Starter,134
12,Turret,134
2,Transmission,134
21,Camera,135
16,Hydraulics,135
18,Steering,135
19,Seat,135
20,Lights,135
12,Turret,135
26,Hatch,135
15,Cooling System,136
30,Starter,136
9,Navigation System,136
29,Antenna,136
6,Ammunition,136
25,Exhaust,136
19,Seat,136
7,Armor Plates,136
22,Radar,136
4,Tires,136
3,Wheels,137
14,Suspension,137
1,Engine,137
8,Fuel Tank,137
11,Battery,137
25,Exhaust,137
9,Navigation System,137
28,Windshield,137
6,Ammunition,137
24,Fire Suppression,138
6,Ammunition,138
23,Smoke Launcher,138
20,Lights,138
8,Fuel Tank,138
30,Starter,138
18,Steering,138
9,Navigation System,138
2,Transmission,139
27,Mirror,139
4,Tires,139
22,Radar,139
6,Ammunition,139
18,Steering,139
9,Navigation System,139
17,Brake System,139
17,Brake System,140
2,Transmission,140
12,Turret,140
30,Starter,140
13,Track,140
24,Fire Suppression,140
21,Camera,141
1,Engine,141
3,Wheels,141
13,Track,141
12,Turret,141
8,Fuel Tank,141
23,Smoke Launcher,141
15,Cooling System,141
24,Fire Suppression,142
16,Hydraulics,142
11,Battery,142
29,Antenna,142
6,Ammunition,142
23,Smoke Launcher,142
10,Radio,142
10,Radio,143
22,Radar,143
25,Exhaust,143
19,Seat,143
16,Hydraulics,143
2,Transmission,143
13,Track,143
10,Radio,144
1,Engine,144
18,Steering,144
25,Exhaust,144
11,Battery,144
9,Navigation System,145
2,Transmission,145
17,Brake System,145
27,Mirror,145
29,Antenna,145
25,Exhaust,145
22,Radar,146
13,Track,146
12,Turret,146
16,Hydraulics,146
3,Wheels,146
24,Fire Suppression,146
18,Steering,146
14,Suspension,146
4,Tires,146
29,Antenna,146
8,Fuel Tank,147
14,Suspension,147
2,Transmission,147
3,Wheels,147
11,Battery,147
15,Cooling System,147
17,Brake System,147
28,Windshield,148
18,Steering,148
9,Navigation System,148
12,Turret,148
15,Cooling System,148
21,Camera,148
5,Gun,148
4,Tires,148
13,Track,148
25,Exhaust,148
1,Engine,149
18,Steering,149
4,Tires,149
19,Seat,149
26,Hatch,149
29,Antenna,149
28,Windshield,149
3,Wheels,149
17,Brake System,149
11,Battery,149
7,Armor Plates,150
12,Turret,150
13,Track,150
30,Starter,150
26,Hatch,150
5,Gun,150
1,Engine,150
15,Cooling System,151
12,Turret,151
1,Engine,151
28,Windshield,151
19,Seat,151
5,Gun,151
27,Mirror,151
24,Fire Suppression,152
10,Radio,152
8,Fuel Tank,152
18,Steering,152
3,Wheels,152
14,Suspension,153
5,Gun,153
29,Antenna,153
13,Track,153
25,Exhaust,153
5,Gun,154
29,Antenna,154
24,Fire Suppression,154
13,Track,154
21,Camera,154
19,Seat,155
11,Battery,155
8,Fuel Tank,155
22,Radar,155
7,Armor Plates,155
24,Fire Suppression,155
13,Track,156
29,Antenna,156
15,Cooling System,156
21,Camera,156
3,Wheels,156
5,Gun,157
3,Wheels,157
19,Seat,157
20,Lights,157
4,Tires,157
9,Navigation System,158
25,Exhaust,158
14,Suspension,158
28,Windshield,158
30,Starter,158
11,Battery,158
24,Fire Suppression,159
5,Gun,159
30,Starter,159
14,Suspension,159
1,Engine,159
7,Armor Plates,159
9,Navigation System,160
1,Engine,160
11,Battery,160
5,Gun,160
13,Track,160
19,Seat,161
17,Brake System,161
26,Hatch,161
5,Gun,161
29,Antenna,161
9,Navigation System,161
24,Fire Suppression,161
13,Track,161
8,Fuel Tank,162
12,Turret,162
9,Navigation System,162
1,Engine,162
16,Hydraulics,162
7,Armor Plates,162
15,Cooling System,162
29,Antenna,162
26,Hatch,162
24,Fire Suppression,163
27,Mirror,163
8,Fuel Tank,163
22,Radar,163
25,Exhaust,163
17,Brake System,163
26,Hatch,163
19,Seat,163
18,Steering,163
13,Track,164
19,Seat,164
15,Cooling System,164
6,Ammunition,164
30,Starter,164
16,Hydraulics,164
4,Tires,164
1,Engine,165
4,Tires,165
19,Seat,165
13,Track,165
5,Gun,165
8,Fuel Tank,165
17,Brake System,165
22,Radar,165
3,Wheels,165
6,Ammunition,165
29,Antenna,166
4,Tires,166
15,Cooling System,166
20,Lights,166
3,Wheels,166
1,Engine,166
18,Steering,167
12,Turret,167
26,Hatch,167
28,Windshield,167
14,Suspension,167
7,Armor Plates,167
11,Battery,168
4,Tires,168
3,Wheels,168
12,Turret,168
8,Fuel Tank,168
30,Starter,169
12,Turret,169
27,Mirror,169
29,Antenna,169
10,Radio,169
13,Track,169
4,Tires,169
25,Exhaust,169
14,Suspension,170
22,Radar,170
4,Tires,170
7,Armor Plates,170
24,Fire Suppression,170
25,Exhaust,170
16,Hydraulics,171
19,Seat,171
2,Transmission,171
9,Navigation System,171
7,Armor Plates,171
29,Antenna,172
20,Lights,172
27,Mirror,172
1,Engine,172
14,Suspension,172
26,Hatch,172
13,Track,172
23,Smoke Launcher,172
25,Exhaust,172
27,Mirror,173
7,Armor Plates,173
29,Antenna,173
17,Brake System,173
5,Gun,173
4,Tires,174
16,Hydraulics,174
17,Brake System,174
12,Turret,174
2,Transmission,174
14,Suspension,174
26,Hatch,174
8,Fuel Tank,174
19,Seat,174
22,Radar,174
8,Fuel Tank,175
6,Ammunition,175
12,Turret,175
16,Hydraulics,175
19,Seat,175
9,Navigation System,176
11,Battery,176
6,Ammunition,176
4,Tires,176
24,Fire Suppression,176
29,Antenna,176
21,Camera,177
10,Radio,177
27,Mirror,177
15,Cooling System,177
6,Ammunition,177
13,Track,177
24,Fire Suppression,178
23,Smoke Launcher,178
17,Brake System,178
26,Hatch,178
22,Radar,178
27,Mirror,178
30,Starter,178
4,Tires,178
8,Fuel Tank,178
25,Exhaust,179
5,Gun,179
27,Mirror,179
10,Radio,179
28,Windshield,179
11,Battery,179
3,Wheels,180
7,Armor Plates,180
13,Track,180
19,Seat,180
23,Smoke Launcher,180
29,Antenna,180
14,Suspension,180
30,Starter,180
6,Ammunition,180
11,Battery,181
23,Smoke Launcher,181
3,Wheels,181
20,Lights,181
13,Track,181
22,Radar,181
9,Navigation System,181
22,Radar,182
21,Camera,182
25,Exhaust,182
16,Hydraulics,182
30,Starter,182
12,Turret,182
24,Fire Suppression,182
2,Transmission,182
17,Brake System,182
16,Hydraulics,183
22,Radar,183
15,Cooling System,183
12,Turret,183
7,Armor Plates,183
15,Cooling System,184
30,Starter,184
22,Radar,184
11,Battery,184
26,Hatch,184
24,Fire Suppression,184
18,Steering,185
11,Battery,185
1,Engine,185
7,Armor Plates,185
16,Hydraulics,185
13,Track,186
18,Steering,186
22,Radar,186
7,Armor Plates,186
23,Smoke Launcher,186
25,Exhaust,186
16,Hydraulics,187
28,Windshield,187
3,Wheels,187
4,Tires,187
14,Suspension,187
27,Mirror,187
1,Engine,187
9,Navigation System,187
25,Exhaust,187
26,Hatch,187
6,Ammunition,188
29,Antenna,188
27,Mirror,188
20,Lights,188
22,Radar,188
12,Turret,189
17,Brake System,189
28,Windshield,189
7,Armor Plates,189
30,Starter,189
24,Fire Suppression,190
8,Fuel Tank,190
18,Steering,190
22,Radar,190
30,Starter,190
6,Ammunition,190
3,Wheels,190
15,Cooling System,190
27,Mirror,190
30,Starter,191
21,Camera,191
29,Antenna,191
13,Track,191
3,Wheels,191
14,Suspension,191
2,Transmission,191
27,Mirror,192
4,Tires,192
23,Smoke Launcher,192
29,Antenna,192
2,Transmission,192
7,Armor Plates,192
26,Hatch,192
16,Hydraulics,192
22,Radar,192
2,Transmission,193
22,Radar,193
8,Fuel Tank,193
20,Lights,193
17,Brake System,193
25,Exhaust,193
27,Mirror,194
18,Steering,194
9,Navigation System,194
21,Camera,194
11,Battery,194
19,Seat,194
20,Lights,195
9,Navigation System,195
4,Tires,195
18,Steering,195
23,Smoke Launcher,195
2,Transmission,195
13,Track,195
22,Radar,195
14,Suspension,196
30,Starter,196
23,Smoke Launcher,196
2,Transmission,196
6,Ammunition,196
13,Track,197
12,Turret,197
9,Navigation System,197
17,Brake System,197
14,Suspension,197
21,Camera,197
1,Engine,197
3,Wheels,198
30,Starter,198
19,Seat,198
22,Radar,198
26,Hatch,198
17,Brake System,199
30,Starter,199
20,Lights,199
23,Smoke Launcher,199
4,Tires,199
25,Exhaust,199
26,Hatch,199
12,Turret,199
3,Wheels,199
13,Track,199
4,Tires,200
7,Armor Plates,200
28,Windshield,200
16,Hydraulics,200
3,Wheels,200
19,Seat,200
23,Smoke Launcher,200
29,Antenna,200
26,Hatch,200
22,Radar,201
24,Fire Suppression,201
2,Transmission,201
8,Fuel Tank,201
28,Windshield,201
23,Smoke Launcher,201
13,Track,201
4,Tires,201
25,Exhaust,201
14,Suspension,202
6,Ammunition,202
24,Fire Suppression,202
30,Starter,202
27,Mirror,202
21,Camera,202
22,Radar,202
4,Tires,203
21,Camera,203
6,Ammunition,203
11,Battery,203
15,Cooling System,203
9,Navigation System,203
16,Hydraulics,203
29,Antenna,203
7,Armor Plates,203
25,Exhaust,203
25,Exhaust,204
28,Windshield,204
1,Engine,204
19,Seat,204
26,Hatch,204
18,Steering,204
21,Camera,204
29,Antenna,205
15,Cooling System,205
23,Smoke Launcher,205
27,Mirror,205
6,Ammunition,205
1,Engine,205
7,Armor Plates,205
24,Fire Suppression,205
21,Camera,205
21,Camera,206
20,Lights,206
24,Fire Suppression,206
17,Brake System,206
15,Cooling System,206
6,Ammunition,207
24,Fire Suppression,207
30,Starter,207
27,Mirror,207
20,Lights,207
26,Hatch,207
11,Battery,207
28,Windshield,208
27,Mirror,208
16,Hydraulics,208
22,Radar,208
2,Transmission,208
14,Suspension,208
21,Camera,208
26,Hatch,208
9,Navigation System,208
19,Seat,208
9,Navigation System,209
10,Radio,209
26,Hatch,209
15,Cooling System,209
14,Suspension,209
28,Windshield,210
4,Tires,210
9,Navigation System,210
29,Antenna,210
2,Transmission,210
16,Hydraulics,210
6,Ammunition,210
16,Hydraulics,211
27,Mirror,211
30,Starter,211
19,Seat,211
18,Steering,211
24,Fire Suppression,211
3,Wheels,211
9,Navigation System,211
11,Battery,211
13,Track,211
17,Brake System,212
11,Battery,212
23,Smoke Launcher,212
19,Seat,212
18,Steering,212
30,Starter,212
26,Hatch,212
10,Radio,212
24,Fire Suppression,213
6,Ammunition,213
18,Steering,213
16,Hydraulics,213
21,Camera,213
19,Seat,213
23,Smoke Launcher,213
29,Antenna,213
10,Radio,214
26,Hatch,214
22,Radar,214
2,Transmission,214
29,Antenna,214
30,Starter,214
27,Mirror,214
6,Ammunition,214
14,Suspension,214
11,Battery,215
26,Hatch,215
15,Cooling System,215
25,Exhaust,215
8,Fuel Tank,215
2,Transmission,215
1,Engine,215
20,Lights,216
26,Hatch,216
14,Suspension,216
4,Tires,216
24,Fire Suppression,216
28,Windshield,216
17,Brake System,216
18,Steering,216
27,Mirror,216
18,Steering,217
20,Lights,217
6,Ammunition,217
27,Mirror,217
28,Windshield,217
1,Engine,217
21,Camera,217
5,Gun,217
24,Fire Suppression,217
7,Armor Plates,217
6,Ammunition,218
4,Tires,218
17,Brake System,218
11,Battery,218
5,Gun,218
24,Fire Suppression,218
7,Armor Plates,218
30,Starter,219
6,Ammunition,219
8,Fuel Tank,219
24,Fire Suppression,219
9,Navigation System,219
3,Wheels,219
26,Hatch,219
3,Wheels,220
24,Fire Suppression,220
13,Track,220
8,Fuel Tank,220
19,Seat,220
28,Windshield,220
17,Brake System,220
6,Ammunition,220
15,Cooling System,220
17,Brake System,221
9,Navigation System,221
10,Radio,221
29,Antenna,221
8,Fuel Tank,221
2,Transmission,221
6,Ammunition,221
23,Smoke Launcher,222
24,Fire Suppression,222
13,Track,222
4,Tires,222
27,Mirror,222
25,Exhaust,222
6,Ammunition,222
7,Armor Plates,222
21,Camera,223
19,Seat,223
23,Smoke Launcher,223
14,Suspension,223
25,Exhaust,223
11,Battery,223
13,Track,223
24,Fire Suppression,223
29,Antenna,224
24,Fire Suppression,224
5,Gun,224
17,Brake System,224
28,Windshield,224
18,Steering,224
20,Lights,224
25,Exhaust,224
30,Starter,224
14,Suspension,225
30,Starter,225
27,Mirror,225
29,Antenna,225
19,Seat,225
2,Transmission,225
21,Camera,226
16,Hydraulics,226
10,Radio,226
6,Ammunition,226
27,Mirror,226
2,Transmission,226
1,Engine,226
4,Tires,227
28,Windshield,227
13,Track,227
11,Battery,227
12,Turret,227
24,Fire Suppression,227
1,Engine,227
8,Fuel Tank,227
6,Ammunition,227
2,Transmission,227
24,Fire Suppression,228
14,Suspension,228
2,Transmission,228
30,Starter,228
20,Lights,228
19,Seat,228
29,Antenna,228
25,Exhaust,228
20,Lights,229
14,Suspension,229
28,Windshield,229
27,Mirror,229
13,Track,229
22,Radar,229
18,Steering,230
1,Engine,230
24,Fire Suppression,230
23,Smoke Launcher,230
14,Suspension,230
5,Gun,230
20,Lights,230
15,Cooling System,230
4,Tires,230
13,Track,230
16,Hydraulics,231
21,Camera,231
24,Fire Suppression,231
18,Steering,231
3,Wheels,231
6,Ammunition,231
8,Fuel Tank,231
19,Seat,231
4,Tires,232
18,Steering,232
28,Windshield,232
6,Ammunition,232
20,Lights,232
16,Hydraulics,232
13,Track,232
12,Turret,232
10,Radio,232
25,Exhaust,232
22,Radar,233
19,Seat,233
10,Radio,233
27,Mirror,233
28,Windshield,233
14,Suspension,234
28,Windshield,234
17,Brake System,234
29,Antenna,234
3,Wheels,234
15,Cooling System,234
11,Battery,234
12,Turret,234
23,Smoke Launcher,235
15,Cooling System,235
22,Radar,235
28,Windshield,235
30,Starter,235
14,Suspension,235
21,Camera,235
17,Brake System,235
5,Gun,235
3,Wheels,235
24,Fire Suppression,236
18,Steering,236
14,Suspension,236
13,Track,236
27,Mirror,236
28,Windshield,236
30,Starter,236
3,Wheels,236
5,Gun,236
22,Radar,237
18,Steering,237
25,Exhaust,237
10,Radio,237
24,Fire Suppression,237
11,Battery,237
5,Gun,237
29,Antenna,237
26,Hatch,237
14,Suspension,238
7,Armor Plates,238
8,Fuel Tank,238
22,Radar,238
18,Steering,238
20,Lights,238
3,Wheels,238
16,Hydraulics,238
4,Tires,238
24,Fire Suppression,238
22,Radar,239
27,Mirror,239
12,Turret,239
25,Exhaust,239
16,Hydraulics,239
1,Engine,239
15,Cooling System,239
29,Antenna,239
20,Lights,239
8,Fuel Tank,240
2,Transmission,240
7,Armor Plates,240
6,Ammunition,240
9,Navigation System,240
3,Wheels,240
21,Camera,241
11,Battery,241
22,Radar,241
18,Steering,241
1,Engine,241
20,Lights,241
29,Antenna,241
5,Gun,241
10,Radio,241
20,Lights,242
11,Battery,242
5,Gun,242
16,Hydraulics,242
17,Brake System,242
24,Fire Suppression,242
21,Camera,242
6,Ammunition,242
11,Battery,243
28,Windshield,243
15,Cooling System,243
9,Navigation System,243
18,Steering,243
30,Starter,243
3,Wheels,243
5,Gun,243
11,Battery,244
24,Fire Suppression,244
22,Radar,244
28,Windshield,244
19,Seat,244
13,Track,244
9,Navigation System,244
23,Smoke Launcher,244
23,Smoke Launcher,245
27,Mirror,245
21,Camera,245
7,Armor Plates,245
13,Track,245
24,Fire Suppression,245
16,Hydraulics,246
26,Hatch,246
9,Navigation System,246
22,Radar,246
20,Lights,246
1,Engine,246
24,Fire Suppression,246
28,Windshield,246
19,Seat,246
10,Radio,247
5,Gun,247
4,Tires,247
13,Track,247
30,Starter,247
28,Windshield,247
27,Mirror,247
7,Armor Plates,247
28,Windshield,248
14,Suspension,248
12,Turret,248
23,Smoke Launcher,248
2,Transmission,248
6,Ammunition,248
17,Brake System,248
5,Gun,248
3,Wheels,248
21,Camera,248
26,Hatch,249
8,Fuel Tank,249
23,Smoke Launcher,249
30,Starter,249
16,Hydraulics,249
4,Tires,249
28,Windshield,250
17,Brake System,250
22,Radar,250
3,Wheels,250
6,Ammunition,250
16,Hydraulics,250
2,Transmission,250
27,Mirror,250
12,Turret,251
8,Fuel Tank,251
18,Steering,251
23,Smoke Launcher,251
24,Fire Suppression,251
2,Transmission,252
17,Brake System,252
23,Smoke Launcher,252
15,Cooling System,252
27,Mirror,252
13,Track,252
7,Armor Plates,252
19,Seat,252
6,Ammunition,252
25,Exhaust,252
25,Exhaust,253
21,Camera,253
9,Navigation System,253
17,Brake System,253
16,Hydraulics,253
14,Suspension,253
19,Seat,253
14,Suspension,254
7,Armor Plates,254
13,Track,254
10,Radio,254
12,Turret,254
23,Smoke Launcher,254
15,Cooling System,254
17,Brake System,254
18,Steering,255
17,Brake System,255
16,Hydraulics,255
21,Camera,255
15,Cooling System,255
29,Antenna,256
10,Radio,256
11,Battery,256
12,Turret,256
7,Armor Plates,256
17,Brake System,257
9,Navigation System,257
27,Mirror,257
7,Armor Plates,257
16,Hydraulics,257
21,Camera,257
26,Hatch,257
5,Gun,257
5,Gun,258
3,Wheels,258
2,Transmission,258
16,Hydraulics,258
29,Antenna,258
23,Smoke Launcher,258
10,Radio,258
27,Mirror,258
15,Cooling System,259
27,Mirror,259
13,Track,259
11,Battery,259
29,Antenna,259
30,Starter,259
16,Hydraulics,260
2,Transmission,260
17,Brake System,260
23,Smoke Launcher,260
30,Starter,260
26,Hatch,261
16,Hydraulics,261
7,Armor Plates,261
5,Gun,261
13,Track,261
1,Engine,261
10,Radio,261
8,Fuel Tank,261
22,Radar,261
27,Mirror,261
5,Gun,262
23,Smoke Launcher,262
17,Brake System,262
22,Radar,262
30,Starter,262
20,Lights,263
29,Antenna,263
5,Gun,263
18,Steering,263
2,Transmission,263
26,Hatch,263
27,Mirror,263
4,Tires,263
17,Brake System,263
6,Ammunition,264
10,Radio,264
25,Exhaust,264
12,Turret,264
22,Radar,264
3,Wheels,265
13,Track,265
5,Gun,265
22,Radar,265
28,Windshield,265
29,Antenna,265
1,Engine,265
15,Cooling System,265
22,Radar,266
30,Starter,266
17,Brake System,266
18,Steering,266
27,Mirror,266
3,Wheels,266
5,Gun,267
28,Windshield,267
19,Seat,267
22,Radar,267
23,Smoke Launcher,267
16,Hydraulics,267
9,Navigation System,267
29,Antenna,267
11,Battery,268
27,Mirror,268
2,Transmission,268
17,Brake System,268
14,Suspension,268
24,Fire Suppression,268
25,Exhaust,268
21,Camera,268
21,Camera,269
28,Windshield,269
19,Seat,269
26,Hatch,269
23,Smoke Launcher,269
9,Navigation System,269
7,Armor Plates,270
27,Mirror,270
14,Suspension,270
8,Fuel Tank,270
1,Engine,270
30,Starter,270
13,Track,271
14,Suspension,271
4,Tires,271
25,Exhaust,271
1,Engine,271
30,Starter,271
5,Gun,272
24,Fire Suppression,272
6,Ammunition,272
1,Engine,272
29,Antenna,272
6,Ammunition,273
7,Armor Plates,273
30,Starter,273
25,Exhaust,273
26,Hatch,273
14,Suspension,273
13,Track,274
30,Starter,274
15,Cooling System,274
4,Tires,274
18,Steering,274
1,Engine,274
10,Radio,274
19,Seat,274
25,Exhaust,274
22,Radar,275
9,Navigation System,275
11,Battery,275
5,Gun,275
18,Steering,275
26,Hatch,276
14,Suspension,276
28,Windshield,276
20,Lights,276
29,Antenna,276
23,Smoke Launcher,276
9,Navigation System,276
3,Wheels,276
16,Hydraulics,276
6,Ammunition,276
1,Engine,277
2,Transmission,277
12,Turret,277
9,Navigation System,277
3,Wheels,277
13,Track,278
20,Lights,278
30,Starter,278
28,Windshield,278
1,Engine,278
18,Steering,279
12,Turret,279
29,Antenna,279
2,Transmission,279
3,Wheels,279
17,Brake System,279
27,Mirror,279
19,Seat,280
23,Smoke Launcher,280
7,Armor Plates,280
2,Transmission,280
5,Gun,280
4,Tires,280
22,Radar,280
3,Wheels,280
5,Gun,281
16,Hydraulics,281
12,Turret,281
27,Mirror,281
23,Smoke Launcher,281
25,Exhaust,281
10,Radio,281
11,Battery,281
7,Armor Plates,281
3,Wheels,281
2,Transmission,282
24,Fire Suppression,282
3,Wheels,282
18,Steering,282
4,Tires,282
30,Starter,282
8,Fuel Tank,282
21,Camera,282
27,Mirror,282
11,Battery,282
6,Ammunition,283
27,Mirror,283
23,Smoke Launcher,283
26,Hatch,283
9,Navigation System,283
16,Hydraulics,283
28,Windshield,284
26,Hatch,284
11,Battery,284
6,Ammunition,284
8,Fuel Tank,284
19,Seat,284
9,Navigation System,284
30,Starter,284
23,Smoke Launcher,284
21,Camera,284
1,Engine,285
20,Lights,285
10,Radio,285
27,Mirror,285
2,Transmission,285
15,Cooling System,285
24,Fire Suppression,286
17,Brake System,286
27,Mirror,286
30,Starter,286
10,Radio,286
3,Wheels,286
21,Camera,287
17,Brake System,287
3,Wheels,287
27,Mirror,287
26,Hatch,287
2,Transmission,287
10,Radio,287
29,Antenna,287
13,Track,288
20,Lights,288
17,Brake System,288
25,Exhaust,288
8,Fuel Tank,288
19,Seat,289
15,Cooling System,289
18,Steering,289
20,Lights,289
22,Radar,289
29,Antenna,289
3,Wheels,289
6,Ammunition,289
25,Exhaust,289
7,Armor Plates,289
13,Track,290
1,Engine,290
25,Exhaust,290
17,Brake System,290
28,Windshield,290
12,Turret,291
16,Hydraulics,291
25,Exhaust,291
5,Gun,291
24,Fire Suppression,291
4,Tires,291
8,Fuel Tank,291
30,Starter,291
28,Windshield,291
24,Fire Suppression,292
17,Brake System,292
13,Track,292
8,Fuel Tank,292
2,Transmission,292
30,Starter,292
16,Hydraulics,292
25,Exhaust,292
18,Steering,292
3,Wheels,292
11,Battery,293
6,Ammunition,293
17,Brake System,293
13,Track,293
16,Hydraulics,293
27,Mirror,293
5,Gun,293
14,Suspension,293
4,Tires,293
13,Track,294
17,Brake System,294
6,Ammunition,294
19,Seat,294
8,Fuel Tank,294
28,Windshield,294
15,Cooling System,294
30,Starter,295
5,Gun,295
19,Seat,295
4,Tires,295
28,Windshield,295
6,Ammunition,295
8,Fuel Tank,295
8,Fuel Tank,296
6,Ammunition,296
28,Windshield,296
21,Camera,296
9,Navigation System,296
15,Cooling System,297
8,Fuel Tank,297
29,Antenna,297
4,Tires,297
20,Lights,297
17,Brake System,297
10,Radio,297
27,Mirror,298
12,Turret,298
28,Windshield,298
18,Steering,298
21,Camera,298
15,Cooling System,298
30,Starter,298
8,Fuel Tank,298
7,Armor Plates,298
1,Engine,298
26,Hatch,299
11,Battery,299
14,Suspension,299
23,Smoke Launcher,299
17,Brake System,299
18,Steering,299
22,Radar,299
7,Armor Plates,299
6,Ammunition,299
12,Turret,299
28,Windshield,300
25,Exhaust,300
16,Hydraulics,300
21,Camera,300
3,Wheels,300
14,Suspension,300
23,Smoke Launcher,300
10,Radio,301
28,Windshield,301
3,Wheels,301
17,Brake System,301
12,Turret,301
11,Battery,301
24,Fire Suppression,301
5,Gun,301
30,Starter,301
13,Track,301
26,Hatch,302
21,Camera,302
12,Turret,302
27,Mirror,302
11,Battery,302
17,Brake System,302
15,Cooling System,303
30,Starter,303
24,Fire Suppression,303
5,Gun,303
4,Tires,303
16,Hydraulics,303
20,Lights,303
28,Windshield,303
18,Steering,303
3,Wheels,303
28,Windshield,304
26,Hatch,304
1,Engine,304
10,Radio,304
19,Seat,304
13,Track,304
16,Hydraulics,304
29,Antenna,304
30,Starter,304
1,Engine,305
26,Hatch,305
17,Brake System,305
22,Radar,305
19,Seat,305
20,Lights,305
11,Battery,305
27,Mirror,305
4,Tires,305
4,Tires,306
8,Fuel Tank,306
24,Fire Suppression,306
19,Seat,306
20,Lights,306
10,Radio,306
2,Transmission,306
12,Turret,306
5,Gun,306
1,Engine,307
10,Radio,307
8,Fuel Tank,307
25,Exhaust,307
22,Radar,307
5,Gun,307
16,Hydraulics,307
6,Ammunition,307
28,Windshield,307
7,Armor Plates,308
2,Transmission,308
14,Suspension,308
23,Smoke Launcher,308
17,Brake System,308
16,Hydraulics,308
1,Engine,308
24,Fire Suppression,308
28,Windshield,308
21,Camera,308
4,Tires,309
6,Ammunition,309
17,Brake System,309
14,Suspension,309
10,Radio,309
24,Fire Suppression,309
20,Lights,309
1,Engine,309
18,Steering,309
27,Mirror,310
13,Track,310
30,Starter,310
11,Battery,310
20,Lights,310
28,Windshield,310
5,Gun,310
23,Smoke Launcher,311
19,Seat,311
11,Battery,311
16,Hydraulics,311
21,Camera,311
18,Steering,312
24,Fire Suppression,312
21,Camera,312
19,Seat,312
9,Navigation System,312
5,Gun,312
2,Transmission,312
23,Smoke Launcher,313
21,Camera,313
17,Brake System,313
5,Gun,313
12,Turret,313
24,Fire Suppression,314
19,Seat,314
9,Navigation System,314
26,Hatch,314
25,Exhaust,314
2,Transmission,315
30,Starter,315
27,Mirror,315
28,Windshield,315
23,Smoke Launcher,315
25,Exhaust,316
17,Brake System,316
1,Engine,316
22,Radar,316
19,Seat,316
6,Ammunition,316
23,Smoke Launcher,316
3,Wheels,316
20,Lights,316
30,Starter,316
7,Armor Plates,317
28,Windshield,317
4,Tires,317
29,Antenna,317
27,Mirror,317
26,Hatch,317
8,Fuel Tank,318
5,Gun,318
26,Hatch,318
13,Track,318
1,Engine,318
17,Brake System,318
27,Mirror,318
12,Turret,318
4,Tires,318
22,Radar,319
14,Suspension,319
21,Camera,319
25,Exhaust,319
18,Steering,319
23,Smoke Launcher,319
7,Armor Plates,320
2,Transmission,320
4,Tires,320
9,Navigation System,320
6,Ammunition,320
13,Track,320
10,Radio,320
15,Cooling System,320
18,Steering,320
4,Tires,321
13,Track,321
28,Windshield,321
16,Hydraulics,321
10,Radio,321
30,Starter,321
6,Ammunition,321
8,Fuel Tank,322
2,Transmission,322
20,Lights,322
6,Ammunition,322
3,Wheels,322
26,Hatch,322
23,Smoke Launcher,323
9,Navigation System,323
17,Brake System,323
15,Cooling System,323
2,Transmission,323
16,Hydraulics,323
3,Wheels,323
19,Seat,324
10,Radio,324
11,Battery,324
7,Armor Plates,324
4,Tires,324
26,Hatch,324
3,Wheels,324
13,Track,325
12,Turret,325
2,Transmission,325
7,Armor Plates,325
1,Engine,325
9,Navigation System,326
21,Camera,326
26,Hatch,326
19,Seat,326
11,Battery,326
6,Ammunition,326
15,Cooling System,326
20,Lights,327
6,Ammunition,327
11,Battery,327
1,Engine,327
9,Navigation System,327
12,Turret,327
29,Antenna,327
27,Mirror,327
30,Starter,327
11,Battery,328
15,Cooling System,328
20,Lights,328
30,Starter,328
25,Exhaust,328
18,Steering,328
26,Hatch,328
1,Engine,328
9,Navigation System,328
29,Antenna,329
10,Radio,329
5,Gun,329
7,Armor Plates,329
8,Fuel Tank,329
19,Seat,329
4,Tires,329
9,Navigation System,330
1,Engine,330
27,Mirror,330
19,Seat,330
15,Cooling System,330
23,Smoke Launcher,330
22,Radar,331
11,Battery,331
18,Steering,331
1,Engine,331
3,Wheels,331
27,Mirror,331
10,Radio,332
24,Fire Suppression,332
21,Camera,332
20,Lights,332
1,Engine,332
12,Turret,332
4,Tires,332
6,Ammunition,332
19,Seat,333
4,Tires,333
7,Armor Plates,333
17,Brake System,333
24,Fire Suppression,333
1,Engine,334
15,Cooling System,334
24,Fire Suppression,334
2,Transmission,334
11,Battery,334
6,Ammunition,334
9,Navigation System,334
17,Brake System,334
30,Starter,334
23,Smoke Launcher,334
22,Radar,335
24,Fire Suppression,335
13,Track,335
26,Hatch,335
25,Exhaust,335
5,Gun,335
11,Battery,335
22,Radar,336
12,Turret,336
6,Ammunition,336
18,Steering,336
2,Transmission,336
11,Battery,336
29,Antenna,336
23,Smoke Launcher,336
16,Hydraulics,336
17,Brake System,336
20,Lights,337
5,Gun,337
23,Smoke Launcher,337
17,Brake System,337
30,Starter,337
6,Ammunition,337
1,Engine,337
14,Suspension,337
17,Brake System,338
29,Antenna,338
8,Fuel Tank,338
7,Armor Plates,338
3,Wheels,338
23,Smoke Launcher,338
25,Exhaust,338
9,Navigation System,338
14,Suspension,338
12,Turret,338
16,Hydraulics,339
22,Radar,339
27,Mirror,339
26,Hatch,339
14,Suspension,339
8,Fuel Tank,339
25,Exhaust,339
15,Cooling System,339
13,Track,339
1,Engine,340
8,Fuel Tank,340
16,Hydraulics,340
10,Radio,340
6,Ammunition,340
12,Turret,341
16,Hydraulics,341
14,Suspension,341
20,Lights,341
26,Hatch,341
28,Windshield,341
25,Exhaust,341
29,Antenna,341
20,Lights,342
14,Suspension,342
4,Tires,342
16,Hydraulics,342
3,Wheels,342
21,Camera,342
7,Armor Plates,342
26,Hatch,342
24,Fire Suppression,342
17,Brake System,342
13,Track,343
6,Ammunition,343
3,Wheels,343
27,Mirror,343
15,Cooling System,343
12,Turret,343
19,Seat,344
3,Wheels,344
6,Ammunition,344
4,Tires,344
24,Fire Suppression,344
29,Antenna,344
18,Steering,344
27,Mirror,344
18,Steering,345
29,Antenna,345
11,Battery,345
20,Lights,345
30,Starter,345
19,Seat,345
28,Windshield,345
20,Lights,346
13,Track,346
27,Mirror,346
11,Battery,346
2,Transmission,346
10,Radio,347
15,Cooling System,347
28,Windshield,347
21,Camera,347
19,Seat,347
26,Hatch,347
6,Ammunition,347
13,Track,347
16,Hydraulics,347
13,Track,348
17,Brake System,348
6,Ammunition,348
1,Engine,348
3,Wheels,348
25,Exhaust,348
18,Steering,348
9,Navigation System,348
14,Suspension,348
2,Transmission,348
9,Navigation System,349
22,Radar,349
11,Battery,349
2,Transmission,349
18,Steering,349
16,Hydraulics,349
27,Mirror,349
19,Seat,350
15,Cooling System,350
8,Fuel Tank,350
21,Camera,350
27,Mirror,350
11,Battery,350
12,Turret,350
7,Armor Plates,350
17,Brake System,350
3,Wheels,351
21,Camera,351
25,Exhaust,351
19,Seat,351
12,Turret,351
4,Tires,351
20,Lights,351
30,Starter,352
22,Radar,352
1,Engine,352
21,Camera,352
14,Suspension,352
9,Navigation System,352
3,Wheels,352
10,Radio,352
11,Battery,352
29,Antenna,353
12,Turret,353
6,Ammunition,353
21,Camera,353
30,Starter,353
14,Suspension,353
8,Fuel Tank,354
14,Suspension,354
11,Battery,354
25,Exhaust,354
28,Windshield,354
24,Fire Suppression,355
15,Cooling System,355
26,Hatch,355
16,Hydraulics,355
3,Wheels,355
7,Armor Plates,356
26,Hatch,356
5,Gun,356
19,Seat,356
2,Transmission,356
8,Fuel Tank,356
9,Navigation System,356
11,Battery,356
16,Hydraulics,356
4,Tires,357
2,Transmission,357
15,Cooling System,357
10,Radio,357
27,Mirror,357
6,Ammunition,358
13,Track,358
10,Radio,358
20,Lights,358
15,Cooling System,358
27,Mirror,358
7,Armor Plates,358
11,Battery,358
16,Hydraulics,358
23,Smoke Launcher,358
13,Track,359
27,Mirror,359
29,Antenna,359
7,Armor Plates,359
2,Transmission,359
8,Fuel Tank,360
20,Lights,360
6,Ammunition,360
13,Track,360
22,Radar,360
11,Battery,360
15,Cooling System,361
28,Windshield,361
1,Engine,361
4,Tires,361
29,Antenna,361
18,Steering,361
8,Fuel Tank,361
11,Battery,362
25,Exhaust,362
17,Brake System,362
3,Wheels,362
8,Fuel Tank,362
10,Radio,362
24,Fire Suppression,362
16,Hydraulics,362
4,Tires,362
18,Steering,362
5,Gun,363
14,Suspension,363
9,Navigation System,363
27,Mirror,363
24,Fire Suppression,363
25,Exhaust,364
17,Brake System,364
26,Hatch,364
3,Wheels,364
14,Suspension,364
28,Windshield,364
8,Fuel Tank,364
13,Track,364
17,Brake System,365
3,Wheels,365
22,Radar,365
5,Gun,365
2,Transmission,365
18,Steering,366
14,Suspension,366
1,Engine,366
8,Fuel Tank,366
30,Starter,366
15,Cooling System,367
16,Hydraulics,367
6,Ammunition,367
21,Camera,367
22,Radar,367
13,Track,367
1,Engine,367
17,Brake System,367
23,Smoke Launcher,368
27,Mirror,368
16,Hydraulics,368
18,Steering,368
21,Camera,368
28,Windshield,368
10,Radio,368
6,Ammunition,368
29,Antenna,369
5,Gun,369
22,Radar,369
28,Windshield,369
12,Turret,369
11,Battery,370
2,Transmission,370
30,Starter,370
27,Mirror,370
18,Steering,370
17,Brake System,370
21,Camera,370
8,Fuel Tank,370
3,Wheels,371
30,Starter,371
8,Fuel Tank,371
28,Windshield,371
24,Fire Suppression,371
3,Wheels,372
6,Ammunition,372
20,Lights,372
5,Gun,372
18,Steering,372
29,Antenna,372
27,Mirror,372
26,Hatch,372
13,Track,373
30,Starter,373
26,Hatch,373
24,Fire Suppression,373
2,Transmission,373
17,Brake System,373
15,Cooling System,373
12,Turret,373
19,Seat,374
10,Radio,374
29,Antenna,374
13,Track,374
16,Hydraulics,374
18,Steering,374
14,Suspension,374
8,Fuel Tank,374
6,Ammunition,374
15,Cooling System,374
26,Hatch,375
16,Hydraulics,375
24,Fire Suppression,375
2,Transmission,375
21,Camera,375
28,Windshield,375
18,Steering,375
23,Smoke Launcher,376
18,Steering,376
22,Radar,376
3,Wheels,376
13,Track,376
19,Seat,376
24,Fire Suppression,376
30,Starter,376
4,Tires,376
5,Gun,376
10,Radio,377
29,Antenna,377
28,Windshield,377
27,Mirror,377
20,Lights,377
23,Smoke Launcher,377
17,Brake System,377
1,Engine,377
26,Hatch,377
14,Suspension,377
14,Suspension,378
17,Brake System,378
15,Cooling System,378
21,Camera,378
1,Engine,378
10,Radio,378
3,Wheels,378
22,Radar,378
1,Engine,379
29,Antenna,379
25,Exhaust,379
28,Windshield,379
20,Lights,379
8,Fuel Tank,379
23,Smoke Launcher,379
6,Ammunition,379
19,Seat,380
27,Mirror,380
7,Armor Plates,380
16,Hydraulics,380
5,Gun,380
2,Transmission,380
26,Hatch,380
20,Lights,381
9,Navigation System,381
4,Tires,381
23,Smoke Launcher,381
12,Turret,381
17,Brake System,381
28,Windshield,381
26,Hatch,382
7,Armor Plates,382
29,Antenna,382
5,Gun,382
3,Wheels,382
15,Cooling System,382
19,Seat,382
24,Fire Suppression,383
20,Lights,383
27,Mirror,383
15,Cooling System,383
10,Radio,383
18,Steering,384
23,Smoke Launcher,384
10,Radio,384
17,Brake System,384
26,Hatch,384
19,Seat,384
1,Engine,385
26,Hatch,385
4,Tires,385
30,Starter,385
19,Seat,385
6,Ammunition,385
21,Camera,385
12,Turret,385
29,Antenna,385
8,Fuel Tank,386
21,Camera,386
3,Wheels,386
19,Seat,386
6,Ammunition,386
9,Navigation System,386
22,Radar,386
26,Hatch,386
4,Tires,386
9,Navigation System,387
23,Smoke Launcher,387
22,Radar,387
10,Radio,387
5,Gun,387
11,Battery,387
8,Fuel Tank,387
27,Mirror,387
20,Lights,387
1,Engine,388
15,Cooling System,388
16,Hydraulics,388
24,Fire Suppression,388
30,Starter,388
18,Steering,389
14,Suspension,389
29,Antenna,389
1,Engine,389
11,Battery,389
2,Transmission,389
5,Gun,389
10,Radio,389
9,Navigation System,389
20,Lights,389
2,Transmission,390
28,Windshield,390
4,Tires,390
5,Gun,390
15,Cooling System,390
23,Smoke Launcher,390
7,Armor Plates,390
18,Steering,391
5,Gun,391
24,Fire Suppression,391
23,Smoke Launcher,391
28,Windshield,391
30,Starter,391
2,Transmission,391
16,Hydraulics,391
29,Antenna,392
19,Seat,392
26,Hatch,392
13,Track,392
6,Ammunition,392
27,Mirror,392
2,Transmission,392
28,Windshield,392
21,Camera,392
30,Starter,392
2,Transmission,393
11,Battery,393
12,Turret,393
3,Wheels,393
23,Smoke Launcher,393
22,Radar,394
19,Seat,394
6,Ammunition,394
14,Suspension,394
3,Wheels,394
10,Radio,395
11,Battery,395
18,Steering,395
25,Exhaust,395
22,Radar,395
4,Tires,395
21,Camera,395
19,Seat,395
16,Hydraulics,396
25,Exhaust,396
14,Suspension,396
8,Fuel Tank,396
19,Seat,396
7,Armor Plates,396
5,Gun,396
20,Lights,396
13,Track,397
23,Smoke Launcher,397
30,Starter,397
20,Lights,397
15,Cooling System,397
4,Tires,398
10,Radio,398
26,Hatch,398
25,Exhaust,398
29,Antenna,398
21,Camera,398
5,Gun,399
19,Seat,399
9,Navigation System,399
4,Tires,399
21,Camera,399
13,Track,399
7,Armor Plates,400
5,Gun,400
2,Transmission,400
20,Lights,400
21,Camera,400
23,Smoke Launcher,400
4,Tires,400
9,Navigation System,400
14,Suspension,400
17,Brake System,400
1,Engine,401
13,Track,401
24,Fire Suppression,401
4,Tires,401
22,Radar,401
20,Lights,401
27,Mirror,401
16,Hydraulics,401
26,Hatch,401
17,Brake System,401
15,Cooling System,402
24,Fire Suppression,402
1,Engine,402
13,Track,402
12,Turret,402
29,Antenna,402
3,Wheels,402
26,Hatch,402
8,Fuel Tank,403
5,Gun,403
24,Fire Suppression,403
26,Hatch,403
6,Ammunition,403
28,Windshield,403
4,Tires,403
27,Mirror,403
12,Turret,404
16,Hydraulics,404
22,Radar,404
17,Brake System,404
7,Armor Plates,404
4,Tires,404
8,Fuel Tank,404
13,Track,404
26,Hatch,405
19,Seat,405
12,Turret,405
11,Battery,405
9,Navigation System,405
3,Wheels,405
20,Lights,405
15,Cooling System,405
22,Radar,405
6,Ammunition,406
17,Brake System,406
26,Hatch,406
25,Exhaust,406
1,Engine,406
20,Lights,406
18,Steering,407
20,Lights,407
13,Track,407
23,Smoke Launcher,407
27,Mirror,407
3,Wheels,407
23,Smoke Launcher,408
21,Camera,408
10,Radio,408
9,Navigation System,408
30,Starter,408
8,Fuel Tank,408
17,Brake System,408
21,Camera,409
27,Mirror,409
6,Ammunition,409
4,Tires,409
9,Navigation System,409
25,Exhaust,409
28,Windshield,409
2,Transmission,409
8,Fuel Tank,409
27,Mirror,410
4,Tires,410
25,Exhaust,410
8,Fuel Tank,410
17,Brake System,410
12,Turret,410
17,Brake System,411
2,Transmission,411
18,Steering,411
20,Lights,411
8,Fuel Tank,411
10,Radio,412
27,Mirror,412
26,Hatch,412
11,Battery,412
6,Ammunition,412
29,Antenna,412
12,Turret,412
7,Armor Plates,412
25,Exhaust,413
28,Windshield,413
15,Cooling System,413
7,Armor Plates,413
23,Smoke Launcher,413
5,Gun,413
9,Navigation System,413
2,Transmission,413
26,Hatch,413
25,Exhaust,414
9,Navigation System,414
28,Windshield,414
14,Suspension,414
2,Transmission,414
24,Fire Suppression,414
1,Engine,414
17,Brake System,414
9,Navigation System,415
12,Turret,415
29,Antenna,415
11,Battery,415
24,Fire Suppression,415
21,Camera,416
22,Radar,416
9,Navigation System,416
7,Armor Plates,416
20,Lights,416
29,Antenna,416
8,Fuel Tank,416
24,Fire Suppression,416
26,Hatch,416
13,Track,417
2,Transmission,417
7,Armor Plates,417
9,Navigation System,417
14,Suspension,417
26,Hatch,418
13,Track,418
9,Navigation System,418
15,Cooling System,418
20,Lights,418
22,Radar,418
23,Smoke Launcher,418
5,Gun,418
16,Hydraulics,418
21,Camera,418
17,Brake System,419
21,Camera,419
14,Suspension,419
8,Fuel Tank,419
10,Radio,419
1,Engine,419
13,Track,419
16,Hydraulics,420
11,Battery,420
4,Tires,420
15,Cooling System,420
12,Turret,420
6,Ammunition,421
23,Smoke Launcher,421
1,Engine,421
20,Lights,421
30,Starter,421
25,Exhaust,421
10,Radio,421
13,Track,421
19,Seat,421
10,Radio,422
24,Fire Suppression,422
4,Tires,422
21,Camera,422
8,Fuel Tank,422
18,Steering,422
3,Wheels,422
6,Ammunition,422
28,Windshield,422
22,Radar,423
4,Tires,423
20,Lights,423
26,Hatch,423
8,Fuel Tank,423
18,Steering,423
3,Wheels,423
30,Starter,423
27,Mirror,423
29,Antenna,423
8,Fuel Tank,424
13,Track,424
3,Wheels,424
19,Seat,424
12,Turret,424
16,Hydraulics,424
30,Starter,424
13,Track,425
22,Radar,425
25,Exhaust,425
10,Radio,425
21,Camera,425
16,Hydraulics,425
18,Steering,425
24,Fire Suppression,425
14,Suspension,426
6,Ammunition,426
11,Battery,426
4,Tires,426
16,Hydraulics,426
27,Mirror,426
19,Seat,426
15,Cooling System,426
3,Wheels,426
23,Smoke Launcher,426
26,Hatch,427
13,Track,427
21,Camera,427
12,Turret,427
2,Transmission,427
19,Seat,427
18,Steering,427
20,Lights,427
17,Brake System,428
30,Starter,428
10,Radio,428
28,Windshield,428
14,Suspension,428
13,Track,428
23,Smoke Launcher,428
22,Radar,428
8,Fuel Tank,429
23,Smoke Launcher,429
7,Armor Plates,429
30,Starter,429
25,Exhaust,429
24,Fire Suppression,429
27,Mirror,429
11,Battery,430
4,Tires,430
30,Starter,430
15,Cooling System,430
7,Armor Plates,430
3,Wheels,430
28,Windshield,430
6,Ammunition,430
13,Track,431
24,Fire Suppression,431
22,Radar,431
23,Smoke Launcher,431
29,Antenna,431
4,Tires,432
25,Exhaust,432
30,Starter,432
19,Seat,432
15,Cooling System,432
20,Lights,432
7,Armor Plates,432
16,Hydraulics,432
12,Turret,432
21,Camera,432
20,Lights,433
21,Camera,433
1,Engine,433
25,Exhaust,433
14,Suspension,433
11,Battery,433
3,Wheels,433
22,Radar,433
24,Fire Suppression,433
23,Smoke Launcher,434
6,Ammunition,434
24,Fire Suppression,434
12,Turret,434
15,Cooling System,434
22,Radar,434
23,Smoke Launcher,435
17,Brake System,435
12,Turret,435
26,Hatch,435
18,Steering,435
28,Windshield,435
7,Armor Plates,435
30,Starter,435
5,Gun,435
6,Ammunition,436
18,Steering,436
25,Exhaust,436
7,Armor Plates,436
16,Hydraulics,436
13,Track,436
12,Turret,436
5,Gun,436
21,Camera,436
4,Tires,436
7,Armor Plates,437
22,Radar,437
1,Engine,437
28,Windshield,437
11,Battery,437
23,Smoke Launcher,438
7,Armor Plates,438
27,Mirror,438
2,Transmission,438
21,Camera,438
14,Suspension,438
25,Exhaust,438
11,Battery,438
13,Track,438
5,Gun,438
8,Fuel Tank,439
7,Armor Plates,439
13,Track,439
30,Starter,439
24,Fire Suppression,439
16,Hydraulics,439
2,Transmission,439
26,Hatch,439
28,Windshield,439
4,Tires,440
8,Fuel Tank,440
1,Engine,440
27,Mirror,440
29,Antenna,440
7,Armor Plates,440
15,Cooling System,440
30,Starter,440
8,Fuel Tank,441
11,Battery,441
6,Ammunition,441
10,Radio,441
13,Track,441
26,Hatch,441
9,Navigation System,442
19,Seat,442
10,Radio,442
6,Ammunition,442
17,Brake System,442
14,Suspension,442
2,Transmission,443
16,Hydraulics,443
7,Armor Plates,443
26,Hatch,443
11,Battery,443
28,Windshield,443
14,Suspension,443
3,Wheels,444
4,Tires,444
12,Turret,444
10,Radio,444
29,Antenna,444
16,Hydraulics,444
18,Steering,445
24,Fire Suppression,445
9,Navigation System,445
23,Smoke Launcher,445
7,Armor Plates,445
16,Hydraulics,445
13,Track,445
11,Battery,445
1,Engine,446
11,Battery,446
4,Tires,446
3,Wheels,446
21,Camera,446
26,Hatch,446
20,Lights,446
30,Starter,446
28,Windshield,447
16,Hydraulics,447
13,Track,447
20,Lights,447
8,Fuel Tank,447
25,Exhaust,448
22,Radar,448
4,Tires,448
8,Fuel Tank,448
21,Camera,448
3,Wheels,448
16,Hydraulics,448
23,Smoke Launcher,448
14,Suspension,448
12,Turret,449
16,Hydraulics,449
3,Wheels,449
11,Battery,449
24,Fire Suppression,449
28,Windshield,449
19,Seat,449
25,Exhaust,449
6,Ammunition,450
25,Exhaust,450
12,Turret,450
26,Hatch,450
9,Navigation System,450
4,Tires,450
18,Steering,450
8,Fuel Tank,451
16,Hydraulics,451
7,Armor Plates,451
24,Fire Suppression,451
10,Radio,451
23,Smoke Launcher,451
13,Track,451
26,Hatch,451
20,Lights,451
29,Antenna,451
30,Starter,452
18,Steering,452
21,Camera,452
10,Radio,452
5,Gun,452
29,Antenna,452
11,Battery,452
3,Wheels,452
2,Transmission,452
20,Lights,452
17,Brake System,453
25,Exhaust,453
10,Radio,453
1,Engine,453
22,Radar,453
23,Smoke Launcher,453
22,Radar,454
30,Starter,454
2,Transmission,454
13,Track,454
3,Wheels,454
12,Turret,454
19,Seat,454
26,Hatch,454
21,Camera,454
8,Fuel Tank,455
5,Gun,455
19,Seat,455
23,Smoke Launcher,455
6,Ammunition,455
4,Tires,455
28,Windshield,455
21,Camera,455
12,Turret,456
14,Suspension,456
21,Camera,456
13,Track,456
1,Engine,456
9,Navigation System,456
19,Seat,457
30,Starter,457
24,Fire Suppression,457
14,Suspension,457
9,Navigation System,457
23,Smoke Launcher,457
2,Transmission,457
21,Camera,457
10,Radio,458
24,Fire Suppression,458
15,Cooling System,458
26,Hatch,458
20,Lights,458
13,Track,458
10,Radio,459
25,Exhaust,459
16,Hydraulics,459
4,Tires,459
23,Smoke Launcher,459
27,Mirror,459
18,Steering,459
29,Antenna,459
30,Starter,459
20,Lights,460
18,Steering,460
21,Camera,460
4,Tires,460
30,Starter,460
8,Fuel Tank,461
6,Ammunition,461
10,Radio,461
16,Hydraulics,461
7,Armor Plates,461
4,Tires,461
19,Seat,461
21,Camera,461
11,Battery,462
13,Track,462
3,Wheels,462
19,Seat,462
20,Lights,462
23,Smoke Launcher,462
5,Gun,462
1,Engine,462
18,Steering,462
21,Camera,462
20,Lights,463
27,Mirror,463
26,Hatch,463
17,Brake System,463
10,Radio,463
5,Gun,463
9,Navigation System,463
23,Smoke Launcher,463
2,Transmission,463
29,Antenna,464
2,Transmission,464
25,Exhaust,464
19,Seat,464
8,Fuel Tank,464
26,Hatch,464
4,Tires,465
15,Cooling System,465
28,Windshield,465
20,Lights,465
8,Fuel Tank,465
3,Wheels,465
1,Engine,465
15,Cooling System,466
18,Steering,466
17,Brake System,466
20,Lights,466
5,Gun,466
16,Hydraulics,466
2,Transmission,466
3,Wheels,466
27,Mirror,467
22,Radar,467
7,Armor Plates,467
4,Tires,467
16,Hydraulics,467
19,Seat,468
30,Starter,468
4,Tires,468
26,Hatch,468
6,Ammunition,468
28,Windshield,468
24,Fire Suppression,468
8,Fuel Tank,468
12,Turret,468
1,Engine,468
15,Cooling System,469
25,Exhaust,469
28,Windshield,469
26,Hatch,469
17,Brake System,469
27,Mirror,469
10,Radio,469
3,Wheels,469
20,Lights,469
30,Starter,470
18,Steering,470
5,Gun,470
27,Mirror,470
7,Armor Plates,470
3,Wheels,471
4,Tires,471
2,Transmission,471
15,Cooling System,471
29,Antenna,471
24,Fire Suppression,471
21,Camera,471
9,Navigation System,471
8,Fuel Tank,472
6,Ammunition,472
5,Gun,472
4,Tires,472
12,Turret,472
21,Camera,472
7,Armor Plates,472
18,Steering,473
12,Turret,473
13,Track,473
7,Armor Plates,473
27,Mirror,473
2,Transmission,474
14,Suspension,474
6,Ammunition,474
24,Fire Suppression,474
15,Cooling System,474
22,Radar,474
1,Engine,474
7,Armor Plates,474
20,Lights,474
25,Exhaust,474
17,Brake System,475
7,Armor Plates,475
3,Wheels,475
6,Ammunition,475
29,Antenna,475
20,Lights,476
1,Engine,476
16,Hydraulics,476
2,Transmission,476
22,Radar,476
29,Antenna,476
21,Camera,476
14,Suspension,476
1,Engine,477
21,Camera,477
19,Seat,477
6,Ammunition,477
18,Steering,477
15,Cooling System,478
22,Radar,478
27,Mirror,478
21,Camera,478
10,Radio,478
1,Engine,478
16,Hydraulics,478
4,Tires,479
5,Gun,479
9,Navigation System,479
3,Wheels,479
7,Armor Plates,479
29,Antenna,479
8,Fuel Tank,479
20,Lights,480
1,Engine,480
9,Navigation System,480
10,Radio,480
28,Windshield,480
26,Hatch,480
23,Smoke Launcher,480
17,Brake System,480
24,Fire Suppression,480
3,Wheels,480
13,Track,481
6,Ammunition,481
8,Fuel Tank,481
22,Radar,481
1,Engine,481
30,Starter,481
30,Starter,482
10,Radio,482
9,Navigation System,482
5,Gun,482
22,Radar,482
23,Smoke Launcher,482
25,Exhaust,482
25,Exhaust,483
3,Wheels,483
15,Cooling System,483
11,Battery,483
17,Brake System,483
21,Camera,483
10,Radio,484
14,Suspension,484
8,Fuel Tank,484
7,Armor Plates,484
6,Ammunition,484
4,Tires,484
5,Gun,484
1,Engine,485
23,Smoke Launcher,485
14,Suspension,485
24,Fire Suppression,485
19,Seat,485
25,Exhaust,485
5,Gun,485
23,Smoke Launcher,486
7,Armor Plates,486
4,Tires,486
11,Battery,486
17,Brake System,486
29,Antenna,486
23,Smoke Launcher,487
13,Track,487
6,Ammunition,487
3,Wheels,487
5,Gun,487
16,Hydraulics,487
26,Hatch,487
29,Antenna,487
22,Radar,487
25,Exhaust,488
24,Fire Suppression,488
7,Armor Plates,488
19,Seat,488
21,Camera,488
27,Mirror,489
28,Windshield,489
7,Armor Plates,489
1,Engine,489
8,Fuel Tank,489
26,Hatch,489
18,Steering,489
12,Turret,489
9,Navigation System,489
15,Cooling System,490
5,Gun,490
16,Hydraulics,490
14,Suspension,490
29,Antenna,490
4,Tires,490
14,Suspension,491
29,Antenna,491
27,Mirror,491
23,Smoke Launcher,491
30,Starter,491
15,Cooling System,491
18,Steering,491
6,Ammunition,491
28,Windshield,492
24,Fire Suppression,492
19,Seat,492
25,Exhaust,492
2,Transmission,492
11,Battery,493
29,Antenna,493
26,Hatch,493
18,Steering,493
12,Turret,493
15,Cooling System,494
19,Seat,494
18,Steering,494
16,Hydraulics,494
17,Brake System,494
24,Fire Suppression,494
9,Navigation System,494
22,Radar,494
29,Antenna,494
2,Transmission,494
9,Navigation System,495
4,Tires,495
12,Turret,495
7,Armor Plates,495
28,Windshield,495
16,Hydraulics,496
7,Armor Plates,496
23,Smoke Launcher,496
28,Windshield,496
29,Antenna,496
8,Fuel Tank,496
1,Engine,496
15,Cooling System,497
7,Armor Plates,497
12,Turret,497
9,Navigation System,497
4,Tires,497
27,Mirror,497
20,Lights,498
16,Hydraulics,498
4,Tires,498
6,Ammunition,498
25,Exhaust,498
2,Transmission,498
7,Armor Plates,498
8,Fuel Tank,499
14,Suspension,499
21,Camera,499
17,Brake System,499
2,Transmission,499
15,Cooling System,499
13,Track,499
9,Navigation System,499
7,Armor Plates,499
20,Lights,500
26,Hatch,500
24,Fire Suppression,500
10,Radio,500
7,Armor Plates,500
22,Radar,500
19,Seat,500
28,Windshield,500