type_ID,type_name,description,category
1,Combat Boots,Praesent id massa id nisl venenatis lacinia.,Protection
2,Combat Knife,Quisque ut erat. Curabitur gravida nisi at nibh.,Protection
3,Sniper Rifle,Aenean lectus.,Measurement
4,Drone Controller,Donec quis orci eget orci vehicula condimentum.,Optics
5,Infrared Scope,Suspendisse potenti.,Communication
6,Camouflage Netting,Ut tellus.,Navigation
7,Riot Gear,Nulla justo.,Communication
8,Ballistic Helmet,"Quisque arcu libero, rutrum ac, lobortis vel, dapibus at, diam. Nam tristique tortor eu pede.",Electronics
9,Thermal Camera,Vivamus tortor. Duis mattis egestas metus.,Electronics
10,Water Purifier,Mauris ullamcorper purus sit amet nulla.,Navigation
11,Infrared Scope,Praesent id massa id nisl venenatis lacinia.,Communication
12,Cyber Defense Tablet,Mauris lacinia sapien quis libero.,Communication
13,Laser Rangefinder,Maecenas ut massa quis augue luctus tincidunt.,Camouflage
14,Riot Gear,In hac habitasse platea dictumst. Etiam faucibus cursus urna.,Surveillance
15,Armored Backpack,"Vivamus vestibulum sagittis sapien. Cum sociis natoque penatibus et magnis dis parturient montes, nascetur ridiculus mus.",Detection
16,Cyber Defense Tablet,"Cum sociis natoque penatibus et magnis dis parturient montes, nascetur ridiculus mus. Etiam vel augue.",Protection
17,Laser Rangefinder,"Fusce congue, diam id ornare imperdiet, sapien urna pretium nisl, ut volutpat sapien arcu sed augue.",Protection
18,Infrared Scope,Etiam justo. Etiam pretium iaculis justo.,Electronics
19,Drone Controller,"Cras pellentesque volutpat dui. Maecenas tristique, est et tempus semper, est quam pharetra magna, ac consequat metus sapien ut nunc.",Optics
20,Laser Rangefinder,Cras non velit nec nisi vulputate nonummy.,Electronics
21,Surveillance Drone,"Nulla ac enim. In tempor, turpis nec euismod scelerisque, quam turpis adipiscing lorem, vitae mattis nibh ligula nec sem.",Communication
22,GPS Unit,Quisque ut erat. Curabitur gravida nisi at nibh.,Electronics
23,Ammunition Crate,Maecenas tincidunt lacus at velit.,Optics
24,GPS Unit,"Morbi quis tortor id nulla ultrices aliquet. Maecenas leo odio, condimentum id, luctus nec, molestie sed, justo.",Electronics
25,Thermal Camera,Morbi non quam nec dui luctus rutrum.,Communication
26,Bulletproof Shield,Fusce consequat. Nulla nisl.,Weapon
27,Satellite Phone,In sagittis dui vel nisl.,Weapon
28,Night Vision Goggles,Quisque id justo sit amet sapien dignissim vestibulum.,Navigation
29,Bulletproof Shield,Maecenas rhoncus aliquam lacus. Morbi quis tortor id nulla ultrices aliquet.,Detection
30,Mine Detector,Proin interdum mauris non ligula pellentesque ultrices.,Electronics
31,Sniper Rifle,Aliquam non mauris. Morbi non lectus.,Navigation
32,Ammunition Crate,"Nam ultrices, libero non mattis pulvinar, nulla pede ullamcorper augue, a suscipit nulla elit ac nulla.",Utility
33,Mobile Jammer,Nullam sit amet turpis elementum ligula vehicula consequat. Morbi a ipsum.,Medical
34,Mobile Jammer,Nulla tellus.,Communication
35,Bulletproof Shield,"Morbi odio odio, elementum eu, interdum eu, tincidunt in, leo.",Camouflage
36,Sniper Rifle,Nulla justo. Aliquam quis turpis eget elit sodales scelerisque.,Surveillance
37,Cyber Defense Tablet,Donec ut mauris eget massa tempor convallis.,Detection
38,Bulletproof Shield,Morbi ut odio.,Optics
39,Emergency Beacon,"Nulla neque libero, convallis eget, eleifend luctus, ultricies eu, nibh.",Weapon
40,Explosive Detector,"Proin leo odio, porttitor id, consequat in, consequat ut, nulla.",Electronics
41,Laser Rangefinder,"Vestibulum ac est lacinia nisi venenatis tristique. Fusce congue, diam id ornare imperdiet, sapien urna pretium nisl, ut volutpat sapien arcu sed augue.",Medical
42,Emergency Beacon,Aenean auctor gravida sem.,Weapon
43,Emergency Beacon,Nullam sit amet turpis elementum ligula vehicula consequat. Morbi a ipsum.,Weapon
44,Surveillance Drone,Donec ut dolor.,Detection
45,Ammunition Crate,Vestibulum rutrum rutrum neque. Aenean auctor gravida sem.,Clothing
46,Field Laptop,Morbi quis tortor id nulla ultrices aliquet.,Medical
47,Explosive Detector,Vestibulum ante ipsum primis in faucibus orci luctus et ultrices posuere cubilia Curae; Mauris viverra diam vitae quam.,Optics
48,Medical Backpack,"Integer non velit. Donec diam neque, vestibulum eget, vulputate ut, ultrices vel, augue.",Communication
49,Portable Radar,Aenean auctor gravida sem.,Ammunition
50,Water Purifier,"In hac habitasse platea dictumst. Aliquam augue quam, sollicitudin vitae, consectetuer eget, rutrum at, lorem.",Communication
51,Emergency Beacon,Donec dapibus. Duis at velit eu est congue elementum.,Protection
52,Bulletproof Shield,Pellentesque viverra pede ac diam.,Optics
53,Anti-Drone Gun,Nullam molestie nibh in lectus.,Ammunition
54,Tactical Radio,"Nulla ac enim. In tempor, turpis nec euismod scelerisque, quam turpis adipiscing lorem, vitae mattis nibh ligula nec sem.",Clothing
55,Sniper Rifle,Phasellus in felis. Donec semper sapien a libero.,Camouflage
56,Mobile Jammer,Phasellus in felis.,Electronics
57,Mine Detector,Vestibulum ante ipsum primis in faucibus orci luctus et ultrices posuere cubilia Curae; Nulla dapibus dolor vel est.,Surveillance
58,Camouflage Netting,In blandit ultrices enim.,Communication
59,Anti-Drone Gun,Maecenas tincidunt lacus at velit.,Electronics
60,Satellite Phone,Aliquam quis turpis eget elit sodales scelerisque. Mauris sit amet eros.,Measurement
61,Medical Backpack,Aliquam non mauris. Morbi non lectus.,Clothing
62,Sniper Rifle,Donec quis orci eget orci vehicula condimentum. Curabitur in libero ut massa volutpat convallis.,Weapon
63,GPS Unit,Quisque ut erat.,Protection
64,Cyber Defense Tablet,Nunc nisl.,Medical
65,Riot Gear,Praesent id massa id nisl venenatis lacinia.,Electronics
66,Grenade Launcher,"Cum sociis natoque penatibus et magnis dis parturient montes, nascetur ridiculus mus.",Medical
67,Surveillance Drone,In quis justo. Maecenas rhoncus aliquam lacus.,Weapon
68,Kevlar Vest,Aliquam non mauris. Morbi non lectus.,Communication
69,Infrared Scope,Etiam vel augue. Vestibulum rutrum rutrum neque.,Weapon
70,Ballistic Helmet,Donec quis orci eget orci vehicula condimentum. Curabitur in libero ut massa volutpat convallis.,Weapon
71,Riot Gear,Proin at turpis a pede posuere nonummy.,Communication
72,Grenade Launcher,"In tempor, turpis nec euismod scelerisque, quam turpis adipiscing lorem, vitae mattis nibh ligula nec sem. Duis aliquam convallis nunc.",Communication
73,Riot Gear,Morbi a ipsum. Integer a nibh.,Medical
74,Armored Backpack,In hac habitasse platea dictumst.,Surveillance
75,Sniper Rifle,"Mauris enim leo, rhoncus sed, vestibulum sit amet, cursus id, turpis. Integer aliquet, massa id lobortis convallis, tortor risus dapibus augue, vel accumsan tellus nisi eu orci.",Navigation
76,Ammunition Crate,Nulla nisl. Nunc nisl.,Optics
77,Kevlar Vest,Integer a nibh.,Communication
78,Sniper Rifle,"Fusce lacus purus, aliquet at, feugiat non, pretium quis, lectus. Suspendisse potenti.",Medical
79,Combat Boots,Etiam pretium iaculis justo.,Optics
80,Night Vision Goggles,Duis mattis egestas metus.,Ammunition
81,Grenade Launcher,Vivamus in felis eu sapien cursus vestibulum. Proin eu mi.,Electronics
82,Satellite Phone,"Sed sagittis. Nam congue, risus semper porta volutpat, quam pede lobortis ligula, sit amet eleifend pede libero quis orci.",Protection
83,GPS Unit,Curabitur gravida nisi at nibh. In hac habitasse platea dictumst.,Clothing
84,Ammunition Crate,Morbi a ipsum. Integer a nibh.,Protection
85,Mobile Jammer,Vivamus vel nulla eget eros elementum pellentesque. Quisque porta volutpat erat.,Ammunition
86,Mobile Jammer,Nulla ut erat id mauris vulputate elementum. Nullam varius.,Cybersecurity
87,Infrared Scope,In quis justo. Maecenas rhoncus aliquam lacus.,Utility
88,Armored Backpack,Praesent blandit lacinia erat. Vestibulum sed magna at nunc commodo placerat.,Navigation
89,Kevlar Vest,"Nulla ac enim. In tempor, turpis nec euismod scelerisque, quam turpis adipiscing lorem, vitae mattis nibh ligula nec sem.",Electronics
90,Grenade Launcher,"Vestibulum quam sapien, varius ut, blandit non, interdum in, ante.",Electronics
91,Night Vision Goggles,Sed accumsan felis. Ut at dolor quis odio consequat varius.,Weapon
92,Ammunition Crate,Nulla facilisi.,Protection
93,Emergency Beacon,Proin at turpis a pede posuere nonummy. Integer non velit.,Electronics
94,Ballistic Helmet,"Donec ut mauris eget massa tempor convallis. Nulla neque libero, convallis eget, eleifend luctus, ultricies eu, nibh.",Protection
95,Sniper Rifle,Morbi porttitor lorem id ligula.,Cybersecurity
96,Tactical Radio,Vestibulum ante ipsum primis in faucibus orci luctus et ultrices posuere cubilia Curae; Duis faucibus accumsan odio.,Camouflage
97,Grenade Launcher,Aliquam erat volutpat. In congue.,Communication
98,Combat Knife,"Vestibulum ante ipsum primis in faucibus orci luctus et ultrices posuere cubilia Curae; Donec pharetra, magna vestibulum aliquet ultrices, erat tortor sollicitudin mi, sit amet lobortis sapien sapien non mi. Integer ac neque.",Communication
99,Ammunition Crate,Donec quis orci eget orci vehicula condimentum. Curabitur in libero ut massa volutpat convallis.,Measurement
100,Sniper Rifle,Ut at dolor quis odio consequat varius.,Detection
101,Cyber Defense Tablet,"Mauris ullamcorper purus sit amet nulla. Quisque arcu libero, rutrum ac, lobortis vel, dapibus at, diam.",Communication
102,Riot Gear,Aliquam erat volutpat. In congue.,Weapon
103,Grenade Launcher,Pellentesque eget nunc. Donec quis orci eget orci vehicula condimentum.,Navigation
104,Riot Gear,Suspendisse potenti.,Surveillance
105,Camouflage Netting,Nunc nisl.,Ammunition
106,Infrared Scope,Nunc purus.,Communication
107,Grenade Launcher,Vestibulum ante ipsum primis in faucibus orci luctus et ultrices posuere cubilia Curae; Duis faucibus accumsan odio. Curabitur convallis.,Surveillance
108,Combat Boots,"Vivamus vestibulum sagittis sapien. Cum sociis natoque penatibus et magnis dis parturient montes, nascetur ridiculus mus.",Communication
109,Laser Rangefinder,Nulla tellus.,Electronics
110,Field Laptop,Mauris sit amet eros. Suspendisse accumsan tortor quis turpis.,Weapon
111,Drone Controller,Sed ante. Vivamus tortor.,Surveillance
112,Satellite Phone,Etiam vel augue. Vestibulum rutrum rutrum neque.,Detection
113,Surveillance Drone,Fusce consequat. Nulla nisl.,Optics
114,Portable Radar,"Vivamus metus arcu, adipiscing molestie, hendrerit at, vulputate vitae, nisl.",Communication
115,GPS Unit,Vestibulum ante ipsum primis in faucibus orci luctus et ultrices posuere cubilia Curae; Mauris viverra diam vitae quam.,Detection
116,Tactical Radio,Phasellus in felis.,Communication
117,Combat Knife,"Donec odio justo, sollicitudin ut, suscipit a, feugiat et, eros. Vestibulum ac est lacinia nisi venenatis tristique.",Communication
118,Explosive Detector,Integer ac neque. Duis bibendum.,Electronics
119,Mobile Jammer,"Quisque porta volutpat erat. Quisque erat eros, viverra eget, congue eget, semper rutrum, nulla.",Camouflage
120,Satellite Phone,Morbi ut odio.,Optics
121,Mobile Jammer,"Quisque porta volutpat erat. Quisque erat eros, viverra eget, congue eget, semper rutrum, nulla.",Optics
122,Riot Gear,Vivamus vestibulum sagittis sapien.,Ammunition
123,Explosive Detector,Duis aliquam convallis nunc.,Optics
124,Camouflage Netting,Morbi quis tortor id nulla ultrices aliquet.,Electronics
125,GPS Unit,"Maecenas leo odio, condimentum id, luctus nec, molestie sed, justo. Pellentesque viverra pede ac diam.",Protection
126,Riot Gear,Aliquam quis turpis eget elit sodales scelerisque.,Electronics
127,Anti-Drone Gun,Cras pellentesque volutpat dui.,Optics
128,Medical Backpack,In blandit ultrices enim.,Detection
129,Thermal Camera,"Cum sociis natoque penatibus et magnis dis parturient montes, nascetur ridiculus mus. Etiam vel augue.",Electronics
130,Field Laptop,"Morbi odio odio, elementum eu, interdum eu, tincidunt in, leo. Maecenas pulvinar lobortis est.",Camouflage
131,Field Laptop,Praesent id massa id nisl venenatis lacinia. Aenean sit amet justo.,Detection
132,Cyber Defense Tablet,Morbi porttitor lorem id ligula. Suspendisse ornare consequat lectus.,Utility
133,Portable Radar,Nunc rhoncus dui vel sem. Sed sagittis.,Weapon
134,Satellite Phone,In sagittis dui vel nisl. Duis ac nibh.,Communication
135,Combat Boots,Fusce posuere felis sed lacus.,Protection
136,Water Purifier,Fusce posuere felis sed lacus.,Weapon
137,Laser Rangefinder,Proin risus.,Detection
138,Combat Boots,Vivamus in felis eu sapien cursus vestibulum.,Electronics
139,GPS Unit,"Integer aliquet, massa id lobortis convallis, tortor risus dapibus augue, vel accumsan tellus nisi eu orci.",Electronics
140,Kevlar Vest,Donec vitae nisi.,Protection
141,Ammunition Crate,Curabitur in libero ut massa volutpat convallis.,Detection
142,Ballistic Helmet,Aenean lectus.,Communication
143,Ammunition Crate,"Nam nulla. Integer pede justo, lacinia eget, tincidunt eget, tempus vel, pede.",Protection
144,Armored Backpack,"Cum sociis natoque penatibus et magnis dis parturient montes, nascetur ridiculus mus.",Protection
145,Water Purifier,Nunc purus.,Protection
146,Sniper Rifle,Nulla suscipit ligula in lacus. Curabitur at ipsum ac tellus semper interdum.,Optics
147,GPS Unit,In quis justo. Maecenas rhoncus aliquam lacus.,Weapon
148,Portable Radar,Donec semper sapien a libero. Nam dui.,Utility
149,Ammunition Crate,In hac habitasse platea dictumst.,Protection
150,Camouflage Netting,"Integer pede justo, lacinia eget, tincidunt eget, tempus vel, pede.",Weapon
151,Laser Rangefinder,"Quisque erat eros, viverra eget, congue eget, semper rutrum, nulla.",Electronics
152,Ballistic Helmet,Phasellus id sapien in sapien iaculis congue.,Medical
153,Water Purifier,Nullam molestie nibh in lectus.,Cybersecurity
154,Riot Gear,"Morbi sem mauris, laoreet ut, rhoncus aliquet, pulvinar sed, nisl.",Optics
155,Mobile Jammer,Aliquam non mauris. Morbi non lectus.,Measurement
156,Emergency Beacon,"Morbi vel lectus in quam fringilla rhoncus. Mauris enim leo, rhoncus sed, vestibulum sit amet, cursus id, turpis.",Protection
157,Medical Backpack,Praesent blandit.,Electronics
158,Riot Gear,Duis mattis egestas metus. Aenean fermentum.,Weapon
159,Medical Backpack,Aliquam sit amet diam in magna bibendum imperdiet.,Protection
160,Mine Detector,Pellentesque ultrices mattis odio.,Weapon
161,Combat Boots,Integer a nibh. In quis justo.,Protection
162,GPS Unit,In sagittis dui vel nisl.,Protection
163,Thermal Camera,Aliquam quis turpis eget elit sodales scelerisque.,Communication
164,Tactical Radio,Integer tincidunt ante vel ipsum. Praesent blandit lacinia erat.,Utility
165,Tactical Radio,Maecenas pulvinar lobortis est. Phasellus sit amet erat.,Surveillance
166,Surveillance Drone,Morbi non lectus.,Protection
167,Emergency Beacon,Vivamus vel nulla eget eros elementum pellentesque. Quisque porta volutpat erat.,Protection
168,Emergency Beacon,"Donec vitae nisi. Nam ultrices, libero non mattis pulvinar, nulla pede ullamcorper augue, a suscipit nulla elit ac nulla.",Ammunition
169,Kevlar Vest,Nulla facilisi.,Surveillance
170,Bulletproof Shield,Morbi a ipsum.,Measurement
171,Cyber Defense Tablet,Phasellus sit amet erat.,Medical
172,Medical Backpack,Sed ante. Vivamus tortor.,Measurement
173,Sniper Rifle,In hac habitasse platea dictumst.,Weapon
174,Sniper Rifle,Integer ac leo.,Surveillance
175,Ballistic Helmet,"Aliquam augue quam, sollicitudin vitae, consectetuer eget, rutrum at, lorem.",Weapon
176,Infrared Scope,Pellentesque eget nunc. Donec quis orci eget orci vehicula condimentum.,Weapon
177,Grenade Launcher,Integer ac leo.,Weapon
178,Bulletproof Shield,"Morbi odio odio, elementum eu, interdum eu, tincidunt in, leo.",Protection
179,Satellite Phone,"Morbi vestibulum, velit id pretium iaculis, diam erat fermentum justo, nec condimentum neque sapien placerat ante. Nulla justo.",Protection
180,Bulletproof Shield,Aenean auctor gravida sem. Praesent id massa id nisl venenatis lacinia.,Measurement
181,Drone Controller,"Nulla neque libero, convallis eget, eleifend luctus, ultricies eu, nibh. Quisque id justo sit amet sapien dignissim vestibulum.",Electronics
182,Infrared Scope,Quisque id justo sit amet sapien dignissim vestibulum.,Protection
183,Mobile Jammer,Maecenas tincidunt lacus at velit.,Weapon
184,Sniper Rifle,Morbi quis tortor id nulla ultrices aliquet.,Electronics
185,Water Purifier,Vestibulum sed magna at nunc commodo placerat.,Weapon
186,Combat Knife,Phasellus sit amet erat. Nulla tempus.,Cybersecurity
187,Surveillance Drone,"In blandit ultrices enim. Lorem ipsum dolor sit amet, consectetuer adipiscing elit.",Detection
188,Bulletproof Shield,Vivamus in felis eu sapien cursus vestibulum.,Communication
189,GPS Unit,Donec posuere metus vitae ipsum.,Utility
190,Kevlar Vest,Nulla mollis molestie lorem. Quisque ut erat.,Utility
191,Drone Controller,Duis at velit eu est congue elementum.,Optics
192,Infrared Scope,Donec dapibus.,Cybersecurity
193,Anti-Drone Gun,Aenean sit amet justo.,Optics
194,Sniper Rifle,Phasellus in felis. Donec semper sapien a libero.,Camouflage
195,Armored Backpack,Mauris sit amet eros. Suspendisse accumsan tortor quis turpis.,Weapon
196,Explosive Detector,Curabitur convallis. Duis consequat dui nec nisi volutpat eleifend.,Electronics
197,Infrared Scope,Nullam varius.,Surveillance
198,Laser Rangefinder,Fusce posuere felis sed lacus.,Electronics
199,Emergency Beacon,"Donec diam neque, vestibulum eget, vulputate ut, ultrices vel, augue. Vestibulum ante ipsum primis in faucibus orci luctus et ultrices posuere cubilia Curae; Donec pharetra, magna vestibulum aliquet ultrices, erat tortor sollicitudin mi, sit amet lobortis sapien sapien non mi.",Ammunition
200,Infrared Scope,Ut tellus.,Weapon
201,Bulletproof Shield,Sed ante. Vivamus tortor.,Utility
202,Portable Radar,Morbi quis tortor id nulla ultrices aliquet.,Communication
203,Portable Radar,"Quisque arcu libero, rutrum ac, lobortis vel, dapibus at, diam. Nam tristique tortor eu pede.",Protection
204,Water Purifier,"Aliquam sit amet diam in magna bibendum imperdiet. Nullam orci pede, venenatis non, sodales sed, tincidunt eu, felis.",Clothing
205,Explosive Detector,Nulla justo. Aliquam quis turpis eget elit sodales scelerisque.,Navigation
206,Anti-Drone Gun,"Cras mi pede, malesuada in, imperdiet et, commodo vulputate, justo. In blandit ultrices enim.",Weapon
207,Surveillance Drone,Aenean auctor gravida sem. Praesent id massa id nisl venenatis lacinia.,Cybersecurity
208,Sniper Rifle,Duis aliquam convallis nunc.,Optics
209,Camouflage Netting,Nullam porttitor lacus at turpis. Donec posuere metus vitae ipsum.,Electronics
210,Mobile Jammer,Duis at velit eu est congue elementum. In hac habitasse platea dictumst.,Navigation
211,Explosive Detector,Aliquam quis turpis eget elit sodales scelerisque.,Utility
212,Riot Gear,Quisque id justo sit amet sapien dignissim vestibulum.,Detection
213,Bulletproof Shield,"Cum sociis natoque penatibus et magnis dis parturient montes, nascetur ridiculus mus. Etiam vel augue.",Detection
214,Kevlar Vest,Nunc nisl.,Measurement
215,Drone Controller,"Lorem ipsum dolor sit amet, consectetuer adipiscing elit.",Protection
216,Emergency Beacon,Nulla tellus.,Weapon
217,Kevlar Vest,Donec quis orci eget orci vehicula condimentum. Curabitur in libero ut massa volutpat convallis.,Protection
218,Armored Backpack,"Integer pede justo, lacinia eget, tincidunt eget, tempus vel, pede. Morbi porttitor lorem id ligula.",Protection
219,Portable Radar,Curabitur gravida nisi at nibh.,Weapon
220,Sniper Rifle,Duis ac nibh.,Navigation
221,Infrared Scope,"Fusce lacus purus, aliquet at, feugiat non, pretium quis, lectus.",Medical
222,GPS Unit,Ut tellus. Nulla ut erat id mauris vulputate elementum.,Detection
223,Emergency Beacon,Quisque porta volutpat erat.,Protection
224,Combat Boots,"Cum sociis natoque penatibus et magnis dis parturient montes, nascetur ridiculus mus. Etiam vel augue.",Protection
225,GPS Unit,Nunc purus.,Weapon
226,Grenade Launcher,Duis consequat dui nec nisi volutpat eleifend. Donec ut dolor.,Medical
227,Water Purifier,"Fusce congue, diam id ornare imperdiet, sapien urna pretium nisl, ut volutpat sapien arcu sed augue. Aliquam erat volutpat.",Measurement
228,Bulletproof Shield,"Mauris enim leo, rhoncus sed, vestibulum sit amet, cursus id, turpis. Integer aliquet, massa id lobortis convallis, tortor risus dapibus augue, vel accumsan tellus nisi eu orci.",Clothing
229,Camouflage Netting,Nunc purus. Phasellus in felis.,Electronics
230,Grenade Launcher,Donec dapibus.,Protection
231,Emergency Beacon,Quisque porta volutpat erat.,Weapon
232,Ballistic Helmet,"In hac habitasse platea dictumst. Morbi vestibulum, velit id pretium iaculis, diam erat fermentum justo, nec condimentum neque sapien placerat ante.",Protection
233,Satellite Phone,Nulla mollis molestie lorem. Quisque ut erat.,Utility
234,Camouflage Netting,Etiam pretium iaculis justo. In hac habitasse platea dictumst.,Communication
235,Combat Knife,Vivamus in felis eu sapien cursus vestibulum. Proin eu mi.,Surveillance
236,Cyber Defense Tablet,"Nullam orci pede, venenatis non, sodales sed, tincidunt eu, felis. Fusce posuere felis sed lacus.",Navigation
237,Mine Detector,Nullam varius.,Detection
238,Mobile Jammer,Morbi non lectus.,Navigation
239,Satellite Phone,Pellentesque viverra pede ac diam.,Utility
240,Kevlar Vest,Pellentesque eget nunc. Donec quis orci eget orci vehicula condimentum.,Communication
241,Mobile Jammer,Curabitur at ipsum ac tellus semper interdum. Mauris ullamcorper purus sit amet nulla.,Protection
242,Armored Backpack,Phasellus in felis.,Optics
243,Ammunition Crate,Donec ut dolor. Morbi vel lectus in quam fringilla rhoncus.,Weapon
244,Ballistic Helmet,Proin eu mi.,Communication
245,Explosive Detector,Morbi vel lectus in quam fringilla rhoncus.,Protection
246,Armored Backpack,Quisque ut erat.,Protection
247,Combat Knife,Nulla facilisi. Cras non velit nec nisi vulputate nonummy.,Protection
248,Combat Knife,Aenean fermentum.,Optics
249,Ammunition Crate,"Morbi sem mauris, laoreet ut, rhoncus aliquet, pulvinar sed, nisl. Nunc rhoncus dui vel sem.",Optics
250,Armored Backpack,Maecenas rhoncus aliquam lacus. Morbi quis tortor id nulla ultrices aliquet.,Medical
251,Portable Radar,Cras in purus eu magna vulputate luctus.,Optics
252,Laser Rangefinder,"Maecenas tristique, est et tempus semper, est quam pharetra magna, ac consequat metus sapien ut nunc.",Protection
253,Thermal Camera,"Morbi sem mauris, laoreet ut, rhoncus aliquet, pulvinar sed, nisl. Nunc rhoncus dui vel sem.",Utility
254,Bulletproof Shield,Curabitur gravida nisi at nibh.,Communication
255,Medical Backpack,Donec ut dolor. Morbi vel lectus in quam fringilla rhoncus.,Weapon
256,Explosive Detector,Integer tincidunt ante vel ipsum. Praesent blandit lacinia erat.,Electronics
257,Explosive Detector,Aenean auctor gravida sem.,Communication
258,Night Vision Goggles,"Nam ultrices, libero non mattis pulvinar, nulla pede ullamcorper augue, a suscipit nulla elit ac nulla. Sed vel enim sit amet nunc viverra dapibus.",Electronics
259,Explosive Detector,Proin interdum mauris non ligula pellentesque ultrices.,Weapon
260,Combat Knife,Nullam molestie nibh in lectus.,Optics
261,Night Vision Goggles,Nullam molestie nibh in lectus. Pellentesque at nulla.,Communication
262,Ammunition Crate,In eleifend quam a odio.,Surveillance
263,Sniper Rifle,"Nam ultrices, libero non mattis pulvinar, nulla pede ullamcorper augue, a suscipit nulla elit ac nulla.",Optics
264,Camouflage Netting,Etiam justo. Etiam pretium iaculis justo.,Electronics
265,Combat Boots,Integer ac leo.,Protection
266,Combat Boots,Praesent blandit lacinia erat.,Protection
267,Mine Detector,"Morbi odio odio, elementum eu, interdum eu, tincidunt in, leo.",Communication
268,Bulletproof Shield,"Phasellus id sapien in sapien iaculis congue. Vivamus metus arcu, adipiscing molestie, hendrerit at, vulputate vitae, nisl.",Weapon
269,Grenade Launcher,Fusce posuere felis sed lacus.,Clothing
270,Sniper Rifle,Curabitur convallis.,Weapon
271,Ballistic Helmet,Curabitur at ipsum ac tellus semper interdum. Mauris ullamcorper purus sit amet nulla.,Detection
272,Portable Radar,Morbi quis tortor id nulla ultrices aliquet.,Surveillance
273,GPS Unit,Quisque id justo sit amet sapien dignissim vestibulum.,Protection
274,Camouflage Netting,"Duis bibendum, felis sed interdum venenatis, turpis enim blandit mi, in porttitor pede justo eu massa. Donec dapibus.",Medical
275,Drone Controller,Aliquam quis turpis eget elit sodales scelerisque.,Weapon
276,Thermal Camera,Aliquam sit amet diam in magna bibendum imperdiet.,Communication
277,Water Purifier,Pellentesque at nulla.,Medical
278,Kevlar Vest,"Lorem ipsum dolor sit amet, consectetuer adipiscing elit.",Electronics
279,GPS Unit,Morbi porttitor lorem id ligula. Suspendisse ornare consequat lectus.,Measurement
280,Mine Detector,Nullam porttitor lacus at turpis. Donec posuere metus vitae ipsum.,Weapon
281,Camouflage Netting,Pellentesque at nulla. Suspendisse potenti.,Electronics
282,Armored Backpack,Ut tellus.,Electronics
283,Satellite Phone,Integer tincidunt ante vel ipsum.,Clothing
284,Tactical Radio,"Nam dui. Proin leo odio, porttitor id, consequat in, consequat ut, nulla.",Electronics
285,Infrared Scope,Vivamus tortor.,Optics
286,Cyber Defense Tablet,"Morbi odio odio, elementum eu, interdum eu, tincidunt in, leo. Maecenas pulvinar lobortis est.",Protection
287,Medical Backpack,"In est risus, auctor sed, tristique in, tempus sit amet, sem. Fusce consequat.",Detection
288,Armored Backpack,Mauris ullamcorper purus sit amet nulla.,Utility
289,Combat Boots,"Nulla neque libero, convallis eget, eleifend luctus, ultricies eu, nibh. Quisque id justo sit amet sapien dignissim vestibulum.",Optics
290,Laser Rangefinder,Maecenas ut massa quis augue luctus tincidunt. Nulla mollis molestie lorem.,Navigation
291,Surveillance Drone,Donec dapibus.,Electronics
292,Emergency Beacon,"Cum sociis natoque penatibus et magnis dis parturient montes, nascetur ridiculus mus.",Weapon
293,Night Vision Goggles,Pellentesque ultrices mattis odio. Donec vitae nisi.,Surveillance
294,Combat Knife,Nullam sit amet turpis elementum ligula vehicula consequat. Morbi a ipsum.,Protection
295,Night Vision Goggles,Vestibulum ac est lacinia nisi venenatis tristique.,Electronics
296,Mobile Jammer,"Quisque erat eros, viverra eget, congue eget, semper rutrum, nulla. Nunc purus.",Protection
297,Kevlar Vest,"Morbi sem mauris, laoreet ut, rhoncus aliquet, pulvinar sed, nisl. Nunc rhoncus dui vel sem.",Protection
298,Mine Detector,Vestibulum sed magna at nunc commodo placerat. Praesent blandit.,Medical
299,Grenade Launcher,Fusce consequat. Nulla nisl.,Protection
300,Cyber Defense Tablet,"Duis ac nibh. Fusce lacus purus, aliquet at, feugiat non, pretium quis, lectus.",Optics
301,Sniper Rifle,Aenean sit amet justo. Morbi ut odio.,Electronics
302,Mine Detector,Maecenas tincidunt lacus at velit.,Communication
303,Night Vision Goggles,Nulla facilisi.,Protection
304,Tactical Radio,Cras pellentesque volutpat dui.,Utility
305,Riot Gear,Integer a nibh. In quis justo.,Ammunition
306,Field Laptop,"Sed sagittis. Nam congue, risus semper porta volutpat, quam pede lobortis ligula, sit amet eleifend pede libero quis orci.",Protection
307,Grenade Launcher,Integer a nibh.,Ammunition
308,Tactical Radio,Maecenas ut massa quis augue luctus tincidunt.,Electronics
309,GPS Unit,Nunc purus.,Communication
310,Combat Knife,In hac habitasse platea dictumst.,Communication
311,Combat Boots,Sed ante.,Weapon
312,Ammunition Crate,Morbi a ipsum. Integer a nibh.,Electronics
313,Riot Gear,Aliquam non mauris.,Measurement
314,Camouflage Netting,Sed vel enim sit amet nunc viverra dapibus. Nulla suscipit ligula in lacus.,Medical
315,Infrared Scope,Vestibulum rutrum rutrum neque. Aenean auctor gravida sem.,Electronics
316,Armored Backpack,Suspendisse ornare consequat lectus.,Cybersecurity
317,Portable Radar,"Fusce congue, diam id ornare imperdiet, sapien urna pretium nisl, ut volutpat sapien arcu sed augue.",Weapon
318,Laser Rangefinder,Fusce consequat.,Measurement
319,Armored Backpack,Suspendisse potenti. In eleifend quam a odio.,Communication
320,Water Purifier,Duis at velit eu est congue elementum.,Protection
321,Laser Rangefinder,Etiam pretium iaculis justo. In hac habitasse platea dictumst.,Optics
322,Medical Backpack,"Donec diam neque, vestibulum eget, vulputate ut, ultrices vel, augue.",Optics
323,Mobile Jammer,Nunc rhoncus dui vel sem.,Protection
324,Kevlar Vest,"Nam nulla. Integer pede justo, lacinia eget, tincidunt eget, tempus vel, pede.",Navigation
325,Infrared Scope,"Fusce congue, diam id ornare imperdiet, sapien urna pretium nisl, ut volutpat sapien arcu sed augue. Aliquam erat volutpat.",Communication
326,Grenade Launcher,Maecenas tincidunt lacus at velit.,Utility
327,Medical Backpack,Pellentesque viverra pede ac diam. Cras pellentesque volutpat dui.,Protection
328,Tactical Radio,"Nulla ac enim. In tempor, turpis nec euismod scelerisque, quam turpis adipiscing lorem, vitae mattis nibh ligula nec sem.",Protection
329,Laser Rangefinder,"Nullam orci pede, venenatis non, sodales sed, tincidunt eu, felis.",Weapon
330,Mine Detector,Nulla tellus. In sagittis dui vel nisl.,Surveillance
331,Bulletproof Shield,"Nam ultrices, libero non mattis pulvinar, nulla pede ullamcorper augue, a suscipit nulla elit ac nulla. Sed vel enim sit amet nunc viverra dapibus.",Weapon
332,Field Laptop,Integer tincidunt ante vel ipsum.,Weapon
333,Tactical Radio,Maecenas rhoncus aliquam lacus.,Optics
334,Cyber Defense Tablet,Integer tincidunt ante vel ipsum. Praesent blandit lacinia erat.,Optics
335,Sniper Rifle,Maecenas pulvinar lobortis est. Phasellus sit amet erat.,Weapon
336,GPS Unit,Praesent id massa id nisl venenatis lacinia. Aenean sit amet justo.,Protection
337,Armored Backpack,"Nunc nisl. Duis bibendum, felis sed interdum venenatis, turpis enim blandit mi, in porttitor pede justo eu massa.",Optics
338,Riot Gear,"Vestibulum quam sapien, varius ut, blandit non, interdum in, ante.",Optics
339,Infrared Scope,Duis aliquam convallis nunc.,Protection
340,Explosive Detector,Vestibulum ante ipsum primis in faucibus orci luctus et ultrices posuere cubilia Curae; Mauris viverra diam vitae quam.,Electronics
341,Grenade Launcher,Vivamus vel nulla eget eros elementum pellentesque.,Protection
342,Surveillance Drone,Nunc rhoncus dui vel sem.,Optics
343,Cyber Defense Tablet,Etiam pretium iaculis justo.,Protection
344,Emergency Beacon,Curabitur convallis. Duis consequat dui nec nisi volutpat eleifend.,Detection
345,Combat Boots,Morbi porttitor lorem id ligula. Suspendisse ornare consequat lectus.,Protection
346,Medical Backpack,Cras pellentesque volutpat dui.,Protection
347,Night Vision Goggles,"Lorem ipsum dolor sit amet, consectetuer adipiscing elit.",Detection
348,Emergency Beacon,Donec vitae nisi.,Utility
349,Kevlar Vest,Maecenas rhoncus aliquam lacus.,Communication
350,Grenade Launcher,Mauris sit amet eros. Suspendisse accumsan tortor quis turpis.,Protection
351,Combat Knife,Nullam porttitor lacus at turpis. Donec posuere metus vitae ipsum.,Protection
352,Bulletproof Shield,In sagittis dui vel nisl.,Weapon
353,Surveillance Drone,Aliquam non mauris. Morbi non lectus.,Electronics
354,Satellite Phone,Ut tellus. Nulla ut erat id mauris vulputate elementum.,Protection
355,Field Laptop,Ut at dolor quis odio consequat varius. Integer ac leo.,Detection
356,Field Laptop,"Donec diam neque, vestibulum eget, vulputate ut, ultrices vel, augue. Vestibulum ante ipsum primis in faucibus orci luctus et ultrices posuere cubilia Curae; Donec pharetra, magna vestibulum aliquet ultrices, erat tortor sollicitudin mi, sit amet lobortis sapien sapien non mi.",Protection
357,Mine Detector,"Vestibulum quam sapien, varius ut, blandit non, interdum in, ante.",Communication
358,Ammunition Crate,Pellentesque eget nunc.,Electronics
359,Medical Backpack,"Morbi vel lectus in quam fringilla rhoncus. Mauris enim leo, rhoncus sed, vestibulum sit amet, cursus id, turpis.",Optics
360,Drone Controller,Proin eu mi.,Weapon
361,Kevlar Vest,"Proin leo odio, porttitor id, consequat in, consequat ut, nulla.",Utility
362,Cyber Defense Tablet,Maecenas pulvinar lobortis est. Phasellus sit amet erat.,Navigation
363,Surveillance Drone,"Vivamus metus arcu, adipiscing molestie, hendrerit at, vulputate vitae, nisl. Aenean lectus.",Communication
364,Portable Radar,Suspendisse potenti. Cras in purus eu magna vulputate luctus.,Protection
365,Bulletproof Shield,Fusce consequat. Nulla nisl.,Clothing
366,Kevlar Vest,Nullam sit amet turpis elementum ligula vehicula consequat.,Camouflage
367,Ballistic Helmet,Suspendisse potenti. Nullam porttitor lacus at turpis.,Surveillance
368,Kevlar Vest,Nulla nisl. Nunc nisl.,Weapon
369,Mine Detector,"Praesent lectus. Vestibulum quam sapien, varius ut, blandit non, interdum in, ante.",Electronics
370,Field Laptop,"In est risus, auctor sed, tristique in, tempus sit amet, sem.",Electronics
371,Ballistic Helmet,"Integer non velit. Donec diam neque, vestibulum eget, vulputate ut, ultrices vel, augue.",Detection
372,Riot Gear,Aenean fermentum.,Protection
373,Infrared Scope,Curabitur gravida nisi at nibh.,Medical
374,Night Vision Goggles,Vivamus in felis eu sapien cursus vestibulum.,Communication
375,Night Vision Goggles,"Morbi vestibulum, velit id pretium iaculis, diam erat fermentum justo, nec condimentum neque sapien placerat ante.",Electronics
376,Thermal Camera,"Vivamus metus arcu, adipiscing molestie, hendrerit at, vulputate vitae, nisl. Aenean lectus.",Clothing
377,Thermal Camera,Donec ut dolor. Morbi vel lectus in quam fringilla rhoncus.,Medical
378,Kevlar Vest,"Vivamus vestibulum sagittis sapien. Cum sociis natoque penatibus et magnis dis parturient montes, nascetur ridiculus mus.",Electronics
379,Infrared Scope,"Quisque porta volutpat erat. Quisque erat eros, viverra eget, congue eget, semper rutrum, nulla.",Clothing
380,Water Purifier,In hac habitasse platea dictumst. Etiam faucibus cursus urna.,Clothing
381,Drone Controller,Curabitur convallis.,Electronics
382,Ballistic Helmet,In eleifend quam a odio. In hac habitasse platea dictumst.,Ammunition
383,Satellite Phone,Phasellus in felis.,Medical
384,Combat Boots,Donec posuere metus vitae ipsum.,Electronics
385,Anti-Drone Gun,Integer ac leo.,Communication
386,Water Purifier,"Duis bibendum, felis sed interdum venenatis, turpis enim blandit mi, in porttitor pede justo eu massa.",Medical
387,Bulletproof Shield,Integer ac leo. Pellentesque ultrices mattis odio.,Detection
388,Kevlar Vest,Curabitur gravida nisi at nibh. In hac habitasse platea dictumst.,Weapon
389,Cyber Defense Tablet,Sed ante. Vivamus tortor.,Navigation
390,Kevlar Vest,"Morbi odio odio, elementum eu, interdum eu, tincidunt in, leo. Maecenas pulvinar lobortis est.",Protection
391,Ballistic Helmet,Duis consequat dui nec nisi volutpat eleifend. Donec ut dolor.,Measurement
392,Mobile Jammer,"Fusce congue, diam id ornare imperdiet, sapien urna pretium nisl, ut volutpat sapien arcu sed augue.",Optics
393,Sniper Rifle,Curabitur at ipsum ac tellus semper interdum. Mauris ullamcorper purus sit amet nulla.,Detection
394,Combat Knife,"Fusce posuere felis sed lacus. Morbi sem mauris, laoreet ut, rhoncus aliquet, pulvinar sed, nisl.",Optics
395,Ammunition Crate,In quis justo.,Ammunition
396,Field Laptop,"Nullam orci pede, venenatis non, sodales sed, tincidunt eu, felis. Fusce posuere felis sed lacus.",Navigation
397,Infrared Scope,"Vestibulum ante ipsum primis in faucibus orci luctus et ultrices posuere cubilia Curae; Donec pharetra, magna vestibulum aliquet ultrices, erat tortor sollicitudin mi, sit amet lobortis sapien sapien non mi. Integer ac neque.",Communication
398,Anti-Drone Gun,Sed ante. Vivamus tortor.,Communication
399,Anti-Drone Gun,Nullam sit amet turpis elementum ligula vehicula consequat.,Weapon
400,Mine Detector,Donec ut dolor.,Protection
401,Surveillance Drone,"Quisque erat eros, viverra eget, congue eget, semper rutrum, nulla.",Detection
402,Surveillance Drone,Nam nulla.,Surveillance
403,Combat Boots,"Morbi sem mauris, laoreet ut, rhoncus aliquet, pulvinar sed, nisl. Nunc rhoncus dui vel sem.",Weapon
404,Mobile Jammer,Aenean auctor gravida sem. Praesent id massa id nisl venenatis lacinia.,Protection
405,Cyber Defense Tablet,Mauris lacinia sapien quis libero.,Optics
406,Satellite Phone,Duis ac nibh.,Electronics
407,Camouflage Netting,In sagittis dui vel nisl. Duis ac nibh.,Ammunition
408,Drone Controller,"Praesent lectus. Vestibulum quam sapien, varius ut, blandit non, interdum in, ante.",Communication
409,Satellite Phone,"Lorem ipsum dolor sit amet, consectetuer adipiscing elit.",Protection
410,Explosive Detector,"In tempor, turpis nec euismod scelerisque, quam turpis adipiscing lorem, vitae mattis nibh ligula nec sem. Duis aliquam convallis nunc.",Optics
411,Mine Detector,Ut at dolor quis odio consequat varius. Integer ac leo.,Detection
412,Cyber Defense Tablet,"Curabitur in libero ut massa volutpat convallis. Morbi odio odio, elementum eu, interdum eu, tincidunt in, leo.",Medical
413,Anti-Drone Gun,Quisque porta volutpat erat.,Surveillance
414,Satellite Phone,Vivamus vel nulla eget eros elementum pellentesque. Quisque porta volutpat erat.,Optics
415,Laser Rangefinder,"Vestibulum ante ipsum primis in faucibus orci luctus et ultrices posuere cubilia Curae; Nulla dapibus dolor vel est. Donec odio justo, sollicitudin ut, suscipit a, feugiat et, eros.",Protection
416,Thermal Camera,Duis bibendum. Morbi non quam nec dui luctus rutrum.,Electronics
417,Emergency Beacon,Sed sagittis.,Weapon
418,Emergency Beacon,"In tempor, turpis nec euismod scelerisque, quam turpis adipiscing lorem, vitae mattis nibh ligula nec sem.",Medical
419,Thermal Camera,Etiam justo.,Protection
420,Ballistic Helmet,Quisque ut erat.,Medical
421,Drone Controller,"Suspendisse ornare consequat lectus. In est risus, auctor sed, tristique in, tempus sit amet, sem.",Communication
422,Mine Detector,"Vestibulum ante ipsum primis in faucibus orci luctus et ultrices posuere cubilia Curae; Nulla dapibus dolor vel est. Donec odio justo, sollicitudin ut, suscipit a, feugiat et, eros.",Electronics
423,Camouflage Netting,"Morbi quis tortor id nulla ultrices aliquet. Maecenas leo odio, condimentum id, luctus nec, molestie sed, justo.",Camouflage
424,Drone Controller,"Vivamus metus arcu, adipiscing molestie, hendrerit at, vulputate vitae, nisl. Aenean lectus.",Weapon
425,Explosive Detector,Donec dapibus.,Optics
426,Emergency Beacon,Suspendisse potenti.,Communication
427,Bulletproof Shield,"Donec odio justo, sollicitudin ut, suscipit a, feugiat et, eros.",Navigation
428,Night Vision Goggles,Morbi porttitor lorem id ligula.,Protection
429,Satellite Phone,Aenean lectus.,Weapon
430,Night Vision Goggles,Nunc rhoncus dui vel sem. Sed sagittis.,Navigation
431,Bulletproof Shield,"Suspendisse ornare consequat lectus. In est risus, auctor sed, tristique in, tempus sit amet, sem.",Communication
432,Surveillance Drone,Nulla justo.,Electronics
433,Armored Backpack,Morbi ut odio.,Optics
434,Surveillance Drone,"Aliquam sit amet diam in magna bibendum imperdiet. Nullam orci pede, venenatis non, sodales sed, tincidunt eu, felis.",Electronics
435,Surveillance Drone,Morbi porttitor lorem id ligula.,Protection
436,Mobile Jammer,"Maecenas leo odio, condimentum id, luctus nec, molestie sed, justo.",Protection
437,GPS Unit,In quis justo. Maecenas rhoncus aliquam lacus.,Weapon
438,Combat Boots,"Cum sociis natoque penatibus et magnis dis parturient montes, nascetur ridiculus mus.",Detection
439,Kevlar Vest,"Integer aliquet, massa id lobortis convallis, tortor risus dapibus augue, vel accumsan tellus nisi eu orci. Mauris lacinia sapien quis libero.",Communication
440,Cyber Defense Tablet,Morbi a ipsum. Integer a nibh.,Detection
441,Grenade Launcher,Integer ac neque.,Optics
442,Portable Radar,Maecenas rhoncus aliquam lacus. Morbi quis tortor id nulla ultrices aliquet.,Electronics
443,Anti-Drone Gun,"Cras mi pede, malesuada in, imperdiet et, commodo vulputate, justo. In blandit ultrices enim.",Protection
444,Armored Backpack,"Integer aliquet, massa id lobortis convallis, tortor risus dapibus augue, vel accumsan tellus nisi eu orci.",Medical
445,Anti-Drone Gun,"Donec diam neque, vestibulum eget, vulputate ut, ultrices vel, augue.",Electronics
446,GPS Unit,Mauris lacinia sapien quis libero. Nullam sit amet turpis elementum ligula vehicula consequat.,Communication
447,Kevlar Vest,"Nulla ac enim. In tempor, turpis nec euismod scelerisque, quam turpis adipiscing lorem, vitae mattis nibh ligula nec sem.",Detection
448,Tactical Radio,"Quisque porta volutpat erat. Quisque erat eros, viverra eget, congue eget, semper rutrum, nulla.",Camouflage
449,Surveillance Drone,Maecenas ut massa quis augue luctus tincidunt. Nulla mollis molestie lorem.,Protection
450,Satellite Phone,Suspendisse potenti.,Detection
451,Grenade Launcher,Cras non velit nec nisi vulputate nonummy. Maecenas tincidunt lacus at velit.,Weapon
452,Bulletproof Shield,"Donec ut mauris eget massa tempor convallis. Nulla neque libero, convallis eget, eleifend luctus, ultricies eu, nibh.",Surveillance
453,Ballistic Helmet,"Nulla ac enim. In tempor, turpis nec euismod scelerisque, quam turpis adipiscing lorem, vitae mattis nibh ligula nec sem.",Protection
454,Infrared Scope,Aenean fermentum. Donec ut mauris eget massa tempor convallis.,Communication
455,Anti-Drone Gun,Vivamus vestibulum sagittis sapien.,Cybersecurity
456,Tactical Radio,Maecenas rhoncus aliquam lacus.,Protection
457,Grenade Launcher,Donec dapibus. Duis at velit eu est congue elementum.,Cybersecurity
458,Cyber Defense Tablet,Nunc rhoncus dui vel sem.,Detection
459,Surveillance Drone,"Maecenas tristique, est et tempus semper, est quam pharetra magna, ac consequat metus sapien ut nunc.",Communication
460,Mine Detector,Mauris lacinia sapien quis libero. Nullam sit amet turpis elementum ligula vehicula consequat.,Weapon
461,Sniper Rifle,Cras in purus eu magna vulputate luctus.,Protection
462,Laser Rangefinder,Nam nulla.,Protection
463,Satellite Phone,Maecenas ut massa quis augue luctus tincidunt.,Protection
464,Thermal Camera,"In tempor, turpis nec euismod scelerisque, quam turpis adipiscing lorem, vitae mattis nibh ligula nec sem.",Detection
465,Bulletproof Shield,"Nam nulla. Integer pede justo, lacinia eget, tincidunt eget, tempus vel, pede.",Communication
466,Drone Controller,"Nam congue, risus semper porta volutpat, quam pede lobortis ligula, sit amet eleifend pede libero quis orci.",Protection
467,Bulletproof Shield,Phasellus in felis. Donec semper sapien a libero.,Optics
468,Ammunition Crate,"Donec odio justo, sollicitudin ut, suscipit a, feugiat et, eros. Vestibulum ac est lacinia nisi venenatis tristique.",Optics
469,Thermal Camera,Duis mattis egestas metus. Aenean fermentum.,Detection
470,Riot Gear,Integer tincidunt ante vel ipsum. Praesent blandit lacinia erat.,Protection
471,Thermal Camera,"Proin leo odio, porttitor id, consequat in, consequat ut, nulla.",Weapon
472,Combat Boots,Donec ut dolor. Morbi vel lectus in quam fringilla rhoncus.,Optics
473,Drone Controller,Morbi non lectus.,Protection
474,Medical Backpack,Etiam faucibus cursus urna.,Medical
475,Combat Boots,Vestibulum rutrum rutrum neque. Aenean auctor gravida sem.,Electronics
476,Explosive Detector,Curabitur at ipsum ac tellus semper interdum.,Surveillance
477,Armored Backpack,"Integer pede justo, lacinia eget, tincidunt eget, tempus vel, pede.",Weapon
478,Water Purifier,Donec ut dolor. Morbi vel lectus in quam fringilla rhoncus.,Medical
479,Laser Rangefinder,"Maecenas leo odio, condimentum id, luctus nec, molestie sed, justo. Pellentesque viverra pede ac diam.",Protection
480,Surveillance Drone,Proin interdum mauris non ligula pellentesque ultrices. Phasellus id sapien in sapien iaculis congue.,Clothing
481,Grenade Launcher,Morbi quis tortor id nulla ultrices aliquet.,Electronics
482,Surveillance Drone,"Maecenas leo odio, condimentum id, luctus nec, molestie sed, justo.",Detection
483,Night Vision Goggles,Sed vel enim sit amet nunc viverra dapibus. Nulla suscipit ligula in lacus.,Optics
484,Field Laptop,Duis aliquam convallis nunc. Proin at turpis a pede posuere nonummy.,Weapon
485,Bulletproof Shield,Curabitur gravida nisi at nibh.,Clothing
486,Night Vision Goggles,Etiam justo.,Communication
487,Mine Detector,Vestibulum rutrum rutrum neque.,Detection
488,Bulletproof Shield,"Donec diam neque, vestibulum eget, vulputate ut, ultrices vel, augue. Vestibulum ante ipsum primis in faucibus orci luctus et ultrices posuere cubilia Curae; Donec pharetra, magna vestibulum aliquet ultrices, erat tortor sollicitudin mi, sit amet lobortis sapien sapien non mi.",Clothing
489,Combat Boots,"Proin leo odio, porttitor id, consequat in, consequat ut, nulla. Sed accumsan felis.",Protection
490,Riot Gear,"Nam congue, risus semper porta volutpat, quam pede lobortis ligula, sit amet eleifend pede libero quis orci. Nullam molestie nibh in lectus.",Electronics
491,Bulletproof Shield,Nulla tempus.,Optics
492,Combat Knife,Suspendisse accumsan tortor quis turpis. Sed ante.,Communication
493,Emergency Beacon,"Morbi vel lectus in quam fringilla rhoncus. Mauris enim leo, rhoncus sed, vestibulum sit amet, cursus id, turpis.",Protection
494,Explosive Detector,"Nulla neque libero, convallis eget, eleifend luctus, ultricies eu, nibh. Quisque id justo sit amet sapien dignissim vestibulum.",Weapon
495,Water Purifier,Fusce consequat.,Communication
496,Laser Rangefinder,In sagittis dui vel nisl. Duis ac nibh.,Detection
497,Satellite Phone,Suspendisse potenti.,Communication
498,Grenade Launcher,"In tempor, turpis nec euismod scelerisque, quam turpis adipiscing lorem, vitae mattis nibh ligula nec sem.",Surveillance
499,Thermal Camera,"In est risus, auctor sed, tristique in, tempus sit amet, sem.",Navigation
500,Mine Detector,Integer a nibh. In quis justo.,Weapon
