mission_ID,mission_name,location,objective
1,Operation Winter Watch,Furmanov,"Aenean fermentum. Donec ut mauris eget massa tempor convallis. Nulla neque libero, convallis eget, eleifend luctus, ultricies eu, nibh."
2,Crimson Dawn,Dalsjöfors,"Fusce posuere felis sed lacus. Morbi sem mauris, laoreet ut, rhoncus aliquet, pulvinar sed, nisl. Nunc rhoncus dui vel sem."
3,Midnight Warden,Sukaraja,Phasellus in felis. Donec semper sapien a libero. Nam dui.
4,Falcon Strike,Casa Nova,"Lorem ipsum dolor sit amet, consectetuer adipiscing elit. Proin risus. Praesent lectus."
5,Fireline Barrier,Kalān Deh,"Quisque porta volutpat erat. Quisque erat eros, viverra eget, congue eget, semper rutrum, nulla. Nunc purus."
6,Iron Ridge Patrol,Banqiao,"Cum sociis natoque penatibus et magnis dis parturient montes, nascetur ridiculus mus. Vivamus vestibulum sagittis sapien. Cum sociis natoque penatibus et magnis dis parturient montes, nascetur ridiculus mus."
7,Iron Dune,Alfeizerão,Aenean lectus. Pellentesque eget nunc. Donec quis orci eget orci vehicula condimentum.
8,Mountain Sentinel,Kökar,In quis justo. Maecenas rhoncus aliquam lacus. Morbi quis tortor id nulla ultrices aliquet.
9,Silver Arrow,Esquina,Duis consequat dui nec nisi volutpat eleifend. Donec ut dolor. Morbi vel lectus in quam fringilla rhoncus.
10,Deep Veil Mission,Chincha Baja,"Curabitur in libero ut massa volutpat convallis. Morbi odio odio, elementum eu, interdum eu, tincidunt in, leo. Maecenas pulvinar lobortis est."
11,Ocean Whisper,Kalilu,"Curabitur at ipsum ac tellus semper interdum. Mauris ullamcorper purus sit amet nulla. Quisque arcu libero, rutrum ac, lobortis vel, dapibus at, diam."
12,Desert Phantom,Trzciana,"In sagittis dui vel nisl. Duis ac nibh. Fusce lacus purus, aliquet at, feugiat non, pretium quis, lectus."
13,Red Dusk Sweep,Yangong,Nullam sit amet turpis elementum ligula vehicula consequat. Morbi a ipsum. Integer a nibh.
14,Silent Dagger,Chynadiyovo,Suspendisse potenti. In eleifend quam a odio. In hac habitasse platea dictumst.
15,Crimson Dawn,Icheon-si,"Fusce posuere felis sed lacus. Morbi sem mauris, laoreet ut, rhoncus aliquet, pulvinar sed, nisl. Nunc rhoncus dui vel sem."
16,Ocean Whisper,Tombu,"In hac habitasse platea dictumst. Morbi vestibulum, velit id pretium iaculis, diam erat fermentum justo, nec condimentum neque sapien placerat ante. Nulla justo."
17,Tactical Ember,Đưc Trọng,"Maecenas tristique, est et tempus semper, est quam pharetra magna, ac consequat metus sapien ut nunc. Vestibulum ante ipsum primis in faucibus orci luctus et ultrices posuere cubilia Curae; Mauris viverra diam vitae quam. Suspendisse potenti."
18,Guardian Falcon,Oster,"Proin interdum mauris non ligula pellentesque ultrices. Phasellus id sapien in sapien iaculis congue. Vivamus metus arcu, adipiscing molestie, hendrerit at, vulputate vitae, nisl."
19,Desert Storm Recon,Cincinnati,"Mauris enim leo, rhoncus sed, vestibulum sit amet, cursus id, turpis. Integer aliquet, massa id lobortis convallis, tortor risus dapibus augue, vel accumsan tellus nisi eu orci. Mauris lacinia sapien quis libero."
20,Scorched Valley,San Antonio,"Vestibulum ac est lacinia nisi venenatis tristique. Fusce congue, diam id ornare imperdiet, sapien urna pretium nisl, ut volutpat sapien arcu sed augue. Aliquam erat volutpat."
21,Frost Shield,Mê Linh,Nullam porttitor lacus at turpis. Donec posuere metus vitae ipsum. Aliquam non mauris.
22,Iron Dune,Fāryāb,"Proin interdum mauris non ligula pellentesque ultrices. Phasellus id sapien in sapien iaculis congue. Vivamus metus arcu, adipiscing molestie, hendrerit at, vulputate vitae, nisl."
23,Frost Shield,Portel,Integer tincidunt ante vel ipsum. Praesent blandit lacinia erat. Vestibulum sed magna at nunc commodo placerat.
24,Border Blaze,Murcia,"Praesent blandit. Nam nulla. Integer pede justo, lacinia eget, tincidunt eget, tempus vel, pede."
25,Midnight Warden,Jajarkrajan,"Curabitur gravida nisi at nibh. In hac habitasse platea dictumst. Aliquam augue quam, sollicitudin vitae, consectetuer eget, rutrum at, lorem."
26,Echo Hammer,Cimanglid,Duis aliquam convallis nunc. Proin at turpis a pede posuere nonummy. Integer non velit.
27,Iron Dune,Baláo,Integer tincidunt ante vel ipsum. Praesent blandit lacinia erat. Vestibulum sed magna at nunc commodo placerat.
28,Red Dusk Sweep,Kavásilas,"Proin interdum mauris non ligula pellentesque ultrices. Phasellus id sapien in sapien iaculis congue. Vivamus metus arcu, adipiscing molestie, hendrerit at, vulputate vitae, nisl."
29,Desert Storm Recon,Hevlín,"Nam ultrices, libero non mattis pulvinar, nulla pede ullamcorper augue, a suscipit nulla elit ac nulla. Sed vel enim sit amet nunc viverra dapibus. Nulla suscipit ligula in lacus."
30,Blackout Dawn,Petrov,Maecenas ut massa quis augue luctus tincidunt. Nulla mollis molestie lorem. Quisque ut erat.
31,Operation Dark Horizon,Yanai,Integer ac leo. Pellentesque ultrices mattis odio. Donec vitae nisi.
32,Arctic Lance,Fukuma,Praesent id massa id nisl venenatis lacinia. Aenean sit amet justo. Morbi ut odio.
33,Scorpion Trail,Moratuwa,In hac habitasse platea dictumst. Etiam faucibus cursus urna. Ut tellus.
34,Shadow Echo,Sabá,"Proin interdum mauris non ligula pellentesque ultrices. Phasellus id sapien in sapien iaculis congue. Vivamus metus arcu, adipiscing molestie, hendrerit at, vulputate vitae, nisl."
35,Silver Arrow,Brzeźnica,"Quisque porta volutpat erat. Quisque erat eros, viverra eget, congue eget, semper rutrum, nulla. Nunc purus."
36,Operation Lightning Watch,Circasia,Cras non velit nec nisi vulputate nonummy. Maecenas tincidunt lacus at velit. Vivamus vel nulla eget eros elementum pellentesque.
37,Border Blaze,Maple Plain,"Curabitur at ipsum ac tellus semper interdum. Mauris ullamcorper purus sit amet nulla. Quisque arcu libero, rutrum ac, lobortis vel, dapibus at, diam."
38,Falcon Strike,Dykan’ka,"Aenean fermentum. Donec ut mauris eget massa tempor convallis. Nulla neque libero, convallis eget, eleifend luctus, ultricies eu, nibh."
39,Operation Rapid Ember,Batarasa,"Curabitur at ipsum ac tellus semper interdum. Mauris ullamcorper purus sit amet nulla. Quisque arcu libero, rutrum ac, lobortis vel, dapibus at, diam."
40,Operation Iron Shield,Néa Smýrni,"Maecenas tristique, est et tempus semper, est quam pharetra magna, ac consequat metus sapien ut nunc. Vestibulum ante ipsum primis in faucibus orci luctus et ultrices posuere cubilia Curae; Mauris viverra diam vitae quam. Suspendisse potenti."
41,Desert Phantom,Perelhal,"Proin leo odio, porttitor id, consequat in, consequat ut, nulla. Sed accumsan felis. Ut at dolor quis odio consequat varius."
42,Silver Arrow,Inashiki,"Aenean fermentum. Donec ut mauris eget massa tempor convallis. Nulla neque libero, convallis eget, eleifend luctus, ultricies eu, nibh."
43,Operation Lightning Watch,Mino,"Nam ultrices, libero non mattis pulvinar, nulla pede ullamcorper augue, a suscipit nulla elit ac nulla. Sed vel enim sit amet nunc viverra dapibus. Nulla suscipit ligula in lacus."
44,Arctic Lance,Drachten,Maecenas ut massa quis augue luctus tincidunt. Nulla mollis molestie lorem. Quisque ut erat.
45,Operation Lightning Watch,Bylym,"Proin interdum mauris non ligula pellentesque ultrices. Phasellus id sapien in sapien iaculis congue. Vivamus metus arcu, adipiscing molestie, hendrerit at, vulputate vitae, nisl."
46,Spectral Path,Terpinnya,Suspendisse potenti. In eleifend quam a odio. In hac habitasse platea dictumst.
47,Crimson Dawn,Phra Pradaeng,Maecenas ut massa quis augue luctus tincidunt. Nulla mollis molestie lorem. Quisque ut erat.
48,Scorched Valley,Bratsk,"Donec diam neque, vestibulum eget, vulputate ut, ultrices vel, augue. Vestibulum ante ipsum primis in faucibus orci luctus et ultrices posuere cubilia Curae; Donec pharetra, magna vestibulum aliquet ultrices, erat tortor sollicitudin mi, sit amet lobortis sapien sapien non mi. Integer ac neque."
49,Operation Northern Watch,Dingle,"Vestibulum quam sapien, varius ut, blandit non, interdum in, ante. Vestibulum ante ipsum primis in faucibus orci luctus et ultrices posuere cubilia Curae; Duis faucibus accumsan odio. Curabitur convallis."
50,Desert Storm Recon,Dongjin,"Vestibulum quam sapien, varius ut, blandit non, interdum in, ante. Vestibulum ante ipsum primis in faucibus orci luctus et ultrices posuere cubilia Curae; Duis faucibus accumsan odio. Curabitur convallis."
51,Operation Rapid Ember,Gorzów Wielkopolski,Integer ac leo. Pellentesque ultrices mattis odio. Donec vitae nisi.
52,Operation Winter Watch,Levoberezhnaya,Etiam vel augue. Vestibulum rutrum rutrum neque. Aenean auctor gravida sem.
53,Red Dusk Sweep,Xike,Suspendisse potenti. In eleifend quam a odio. In hac habitasse platea dictumst.
54,Horizon Spear,Lau,"Cras mi pede, malesuada in, imperdiet et, commodo vulputate, justo. In blandit ultrices enim. Lorem ipsum dolor sit amet, consectetuer adipiscing elit."
55,Operation Shadow Lance,Suifenhe,Suspendisse potenti. In eleifend quam a odio. In hac habitasse platea dictumst.
56,Stormclaw Sweep,Kusheriki,Aliquam quis turpis eget elit sodales scelerisque. Mauris sit amet eros. Suspendisse accumsan tortor quis turpis.
57,Iron Ridge Patrol,Kaffrine,"Quisque id justo sit amet sapien dignissim vestibulum. Vestibulum ante ipsum primis in faucibus orci luctus et ultrices posuere cubilia Curae; Nulla dapibus dolor vel est. Donec odio justo, sollicitudin ut, suscipit a, feugiat et, eros."
58,Mountain Sentinel,Velestíno,"Quisque id justo sit amet sapien dignissim vestibulum. Vestibulum ante ipsum primis in faucibus orci luctus et ultrices posuere cubilia Curae; Nulla dapibus dolor vel est. Donec odio justo, sollicitudin ut, suscipit a, feugiat et, eros."
59,Operation Winter Watch,Xaçmaz,"Aenean fermentum. Donec ut mauris eget massa tempor convallis. Nulla neque libero, convallis eget, eleifend luctus, ultricies eu, nibh."
60,Arctic Lance,Otllak,"Lorem ipsum dolor sit amet, consectetuer adipiscing elit. Proin risus. Praesent lectus."
61,Operation Rapid Ember,Kinmparana,"Quisque porta volutpat erat. Quisque erat eros, viverra eget, congue eget, semper rutrum, nulla. Nunc purus."
62,Crimson Dawn,Sendafa,Duis bibendum. Morbi non quam nec dui luctus rutrum. Nulla tellus.
63,Border Blaze,Lian,Sed ante. Vivamus tortor. Duis mattis egestas metus.
64,Operation Winter Watch,Marne-la-Vallée,"Cum sociis natoque penatibus et magnis dis parturient montes, nascetur ridiculus mus. Vivamus vestibulum sagittis sapien. Cum sociis natoque penatibus et magnis dis parturient montes, nascetur ridiculus mus."
65,Border Blaze,Sagbayan,"Aenean fermentum. Donec ut mauris eget massa tempor convallis. Nulla neque libero, convallis eget, eleifend luctus, ultricies eu, nibh."
66,Silver Arrow,Beibao,Phasellus sit amet erat. Nulla tempus. Vivamus in felis eu sapien cursus vestibulum.
67,Shadow Echo,Manwakh,Cras non velit nec nisi vulputate nonummy. Maecenas tincidunt lacus at velit. Vivamus vel nulla eget eros elementum pellentesque.
68,Spectral Path,Jawand,"Quisque id justo sit amet sapien dignissim vestibulum. Vestibulum ante ipsum primis in faucibus orci luctus et ultrices posuere cubilia Curae; Nulla dapibus dolor vel est. Donec odio justo, sollicitudin ut, suscipit a, feugiat et, eros."
69,Shadow Echo,Zhongyuan,Duis consequat dui nec nisi volutpat eleifend. Donec ut dolor. Morbi vel lectus in quam fringilla rhoncus.
70,Frost Shield,Skole,"Praesent blandit. Nam nulla. Integer pede justo, lacinia eget, tincidunt eget, tempus vel, pede."
71,Mountain Sentinel,Fuyu,"Sed sagittis. Nam congue, risus semper porta volutpat, quam pede lobortis ligula, sit amet eleifend pede libero quis orci. Nullam molestie nibh in lectus."
72,Falcon Strike,Miandrivazo,Etiam vel augue. Vestibulum rutrum rutrum neque. Aenean auctor gravida sem.
73,Operation Thunder Veil,Mobile,Duis consequat dui nec nisi volutpat eleifend. Donec ut dolor. Morbi vel lectus in quam fringilla rhoncus.
74,Operation Winter Watch,Örnsköldsvik,"Cras mi pede, malesuada in, imperdiet et, commodo vulputate, justo. In blandit ultrices enim. Lorem ipsum dolor sit amet, consectetuer adipiscing elit."
75,Scorched Valley,Khorlovo,"Cras mi pede, malesuada in, imperdiet et, commodo vulputate, justo. In blandit ultrices enim. Lorem ipsum dolor sit amet, consectetuer adipiscing elit."
76,Operation Skyward,Sviadnov,"Lorem ipsum dolor sit amet, consectetuer adipiscing elit. Proin risus. Praesent lectus."
77,Scorpion Trail,Sambirata,Etiam vel augue. Vestibulum rutrum rutrum neque. Aenean auctor gravida sem.
78,Fireline Barrier,Youxi,Integer tincidunt ante vel ipsum. Praesent blandit lacinia erat. Vestibulum sed magna at nunc commodo placerat.
79,Desert Storm Recon,El Espino,"Proin leo odio, porttitor id, consequat in, consequat ut, nulla. Sed accumsan felis. Ut at dolor quis odio consequat varius."
80,Iron Dune,Panjgūr,"Cras mi pede, malesuada in, imperdiet et, commodo vulputate, justo. In blandit ultrices enim. Lorem ipsum dolor sit amet, consectetuer adipiscing elit."
81,Operation Steel Vortex,Ludbreg,Sed ante. Vivamus tortor. Duis mattis egestas metus.
82,Iron Dune,Chahār Burj,"Proin eu mi. Nulla ac enim. In tempor, turpis nec euismod scelerisque, quam turpis adipiscing lorem, vitae mattis nibh ligula nec sem."
83,Frost Shield,Mankono,Pellentesque at nulla. Suspendisse potenti. Cras in purus eu magna vulputate luctus.
84,Midnight Warden,Nysa,Duis bibendum. Morbi non quam nec dui luctus rutrum. Nulla tellus.
85,Mountain Sentinel,Chilecito,"Curabitur gravida nisi at nibh. In hac habitasse platea dictumst. Aliquam augue quam, sollicitudin vitae, consectetuer eget, rutrum at, lorem."
86,Scorched Valley,Strängnäs,"Quisque porta volutpat erat. Quisque erat eros, viverra eget, congue eget, semper rutrum, nulla. Nunc purus."
87,Operation Skyward,Hanover,"Proin leo odio, porttitor id, consequat in, consequat ut, nulla. Sed accumsan felis. Ut at dolor quis odio consequat varius."
88,Frost Shield,Rosario de Lerma,Duis bibendum. Morbi non quam nec dui luctus rutrum. Nulla tellus.
89,Echo Hammer,Battambang,Suspendisse potenti. In eleifend quam a odio. In hac habitasse platea dictumst.
90,Operation Winter Watch,Novouzensk,Aliquam quis turpis eget elit sodales scelerisque. Mauris sit amet eros. Suspendisse accumsan tortor quis turpis.
91,Crystal Net,Baiyun,"In hac habitasse platea dictumst. Morbi vestibulum, velit id pretium iaculis, diam erat fermentum justo, nec condimentum neque sapien placerat ante. Nulla justo."
92,Black Sand Recon,Nowosielce-Gniewosz,Aenean lectus. Pellentesque eget nunc. Donec quis orci eget orci vehicula condimentum.
93,Coastal Guard,Tymbark,"Proin interdum mauris non ligula pellentesque ultrices. Phasellus id sapien in sapien iaculis congue. Vivamus metus arcu, adipiscing molestie, hendrerit at, vulputate vitae, nisl."
94,Operation Rapid Ember,Xingong,"Vestibulum ac est lacinia nisi venenatis tristique. Fusce congue, diam id ornare imperdiet, sapien urna pretium nisl, ut volutpat sapien arcu sed augue. Aliquam erat volutpat."
95,Operation Steel Vortex,Lyamino,Suspendisse potenti. In eleifend quam a odio. In hac habitasse platea dictumst.
96,Operation Thunder Veil,Penhold,"Quisque porta volutpat erat. Quisque erat eros, viverra eget, congue eget, semper rutrum, nulla. Nunc purus."
97,Operation Shadow Lance,Sölvesborg,"Donec diam neque, vestibulum eget, vulputate ut, ultrices vel, augue. Vestibulum ante ipsum primis in faucibus orci luctus et ultrices posuere cubilia Curae; Donec pharetra, magna vestibulum aliquet ultrices, erat tortor sollicitudin mi, sit amet lobortis sapien sapien non mi. Integer ac neque."
98,Crystal Net,Baini,"Cras mi pede, malesuada in, imperdiet et, commodo vulputate, justo. In blandit ultrices enim. Lorem ipsum dolor sit amet, consectetuer adipiscing elit."
99,Operation Winter Watch,Nusajaya,Aliquam quis turpis eget elit sodales scelerisque. Mauris sit amet eros. Suspendisse accumsan tortor quis turpis.
100,Crimson Dawn,Dolno Palčište,Duis consequat dui nec nisi volutpat eleifend. Donec ut dolor. Morbi vel lectus in quam fringilla rhoncus.
101,Red Dusk Sweep,Kostyantynivka,Duis bibendum. Morbi non quam nec dui luctus rutrum. Nulla tellus.
102,Red Dusk Sweep,Icó,Phasellus in felis. Donec semper sapien a libero. Nam dui.
103,Operation Winter Watch,Quesada,Integer ac leo. Pellentesque ultrices mattis odio. Donec vitae nisi.
104,Crimson Dawn,Laguna,"Donec diam neque, vestibulum eget, vulputate ut, ultrices vel, augue. Vestibulum ante ipsum primis in faucibus orci luctus et ultrices posuere cubilia Curae; Donec pharetra, magna vestibulum aliquet ultrices, erat tortor sollicitudin mi, sit amet lobortis sapien sapien non mi. Integer ac neque."
105,Silent Reef,Castilla,Fusce consequat. Nulla nisl. Nunc nisl.
106,Arctic Lance,Langgen,Phasellus in felis. Donec semper sapien a libero. Nam dui.
107,Echo Hammer,Ambositra,"Proin leo odio, porttitor id, consequat in, consequat ut, nulla. Sed accumsan felis. Ut at dolor quis odio consequat varius."
108,Operation Lightning Watch,Leština,Aliquam quis turpis eget elit sodales scelerisque. Mauris sit amet eros. Suspendisse accumsan tortor quis turpis.
109,Ocean Whisper,Passal,"Lorem ipsum dolor sit amet, consectetuer adipiscing elit. Proin risus. Praesent lectus."
110,Fireline Barrier,Abū Ghaush,Duis bibendum. Morbi non quam nec dui luctus rutrum. Nulla tellus.
111,Mountain Sentinel,Pirapozinho,Nullam porttitor lacus at turpis. Donec posuere metus vitae ipsum. Aliquam non mauris.
112,Silver Arrow,Smolenka,"Praesent blandit. Nam nulla. Integer pede justo, lacinia eget, tincidunt eget, tempus vel, pede."
113,Frost Shield,Shuikou,"Vestibulum ac est lacinia nisi venenatis tristique. Fusce congue, diam id ornare imperdiet, sapien urna pretium nisl, ut volutpat sapien arcu sed augue. Aliquam erat volutpat."
114,Operation Rapid Ember,Lavezares,"Lorem ipsum dolor sit amet, consectetuer adipiscing elit. Proin risus. Praesent lectus."
115,Silver Arrow,Kalipucang,"Sed sagittis. Nam congue, risus semper porta volutpat, quam pede lobortis ligula, sit amet eleifend pede libero quis orci. Nullam molestie nibh in lectus."
116,Crimson Dawn,Dagup,Sed ante. Vivamus tortor. Duis mattis egestas metus.
117,Operation Thunder Veil,Jaraguá do Sul,Aenean lectus. Pellentesque eget nunc. Donec quis orci eget orci vehicula condimentum.
118,Operation Iron Shield,Padej,"Fusce posuere felis sed lacus. Morbi sem mauris, laoreet ut, rhoncus aliquet, pulvinar sed, nisl. Nunc rhoncus dui vel sem."
119,Falcon Strike,Lamotrek,Pellentesque at nulla. Suspendisse potenti. Cras in purus eu magna vulputate luctus.
120,Red Dusk Sweep,Ko Pha Ngan,Aenean lectus. Pellentesque eget nunc. Donec quis orci eget orci vehicula condimentum.
121,Tactical Ember,Noisy-le-Grand,"Quisque porta volutpat erat. Quisque erat eros, viverra eget, congue eget, semper rutrum, nulla. Nunc purus."
122,Deep Veil Mission,Addiet Canna,"Curabitur gravida nisi at nibh. In hac habitasse platea dictumst. Aliquam augue quam, sollicitudin vitae, consectetuer eget, rutrum at, lorem."
123,Operation Iron Pulse,Millerovo,Nullam sit amet turpis elementum ligula vehicula consequat. Morbi a ipsum. Integer a nibh.
124,Blizzard Mantle,Qesarya,Etiam vel augue. Vestibulum rutrum rutrum neque. Aenean auctor gravida sem.
125,Ocean Whisper,Somerset East,"Fusce posuere felis sed lacus. Morbi sem mauris, laoreet ut, rhoncus aliquet, pulvinar sed, nisl. Nunc rhoncus dui vel sem."
126,Deep Veil Mission,Sande São Martinho,"Duis bibendum, felis sed interdum venenatis, turpis enim blandit mi, in porttitor pede justo eu massa. Donec dapibus. Duis at velit eu est congue elementum."
127,Shadow Echo,Kinnula,Phasellus in felis. Donec semper sapien a libero. Nam dui.
128,Operation Thunder Veil,Kototujuh,Duis consequat dui nec nisi volutpat eleifend. Donec ut dolor. Morbi vel lectus in quam fringilla rhoncus.
129,Crimson Dawn,Sanhe,Suspendisse potenti. In eleifend quam a odio. In hac habitasse platea dictumst.
130,Crystal Net,Ganting,Maecenas ut massa quis augue luctus tincidunt. Nulla mollis molestie lorem. Quisque ut erat.
131,Iron Ridge Patrol,Pondohan,"In hac habitasse platea dictumst. Morbi vestibulum, velit id pretium iaculis, diam erat fermentum justo, nec condimentum neque sapien placerat ante. Nulla justo."
132,Operation Winter Watch,Áno Liósia,"Morbi non lectus. Aliquam sit amet diam in magna bibendum imperdiet. Nullam orci pede, venenatis non, sodales sed, tincidunt eu, felis."
133,Operation Northern Watch,Likhobory,"In sagittis dui vel nisl. Duis ac nibh. Fusce lacus purus, aliquet at, feugiat non, pretium quis, lectus."
134,Operation Iron Pulse,Utrecht,"Fusce posuere felis sed lacus. Morbi sem mauris, laoreet ut, rhoncus aliquet, pulvinar sed, nisl. Nunc rhoncus dui vel sem."
135,Operation Lightning Watch,Hulan,"Morbi non lectus. Aliquam sit amet diam in magna bibendum imperdiet. Nullam orci pede, venenatis non, sodales sed, tincidunt eu, felis."
136,Spectral Path,Sandweiler,Suspendisse potenti. In eleifend quam a odio. In hac habitasse platea dictumst.
137,Midnight Warden,Hato Mayor del Rey,"Proin eu mi. Nulla ac enim. In tempor, turpis nec euismod scelerisque, quam turpis adipiscing lorem, vitae mattis nibh ligula nec sem."
138,Shadow Echo,Xibin,"Proin interdum mauris non ligula pellentesque ultrices. Phasellus id sapien in sapien iaculis congue. Vivamus metus arcu, adipiscing molestie, hendrerit at, vulputate vitae, nisl."
139,Stormclaw Sweep,Nikolayevskaya,"Sed sagittis. Nam congue, risus semper porta volutpat, quam pede lobortis ligula, sit amet eleifend pede libero quis orci. Nullam molestie nibh in lectus."
140,Urban Talon,Hengshan,"Cras mi pede, malesuada in, imperdiet et, commodo vulputate, justo. In blandit ultrices enim. Lorem ipsum dolor sit amet, consectetuer adipiscing elit."
141,Crimson Viper,Velká Polom,"Curabitur in libero ut massa volutpat convallis. Morbi odio odio, elementum eu, interdum eu, tincidunt in, leo. Maecenas pulvinar lobortis est."
142,Arctic Lance,Mbouda,"Mauris enim leo, rhoncus sed, vestibulum sit amet, cursus id, turpis. Integer aliquet, massa id lobortis convallis, tortor risus dapibus augue, vel accumsan tellus nisi eu orci. Mauris lacinia sapien quis libero."
143,Stormclaw Sweep,Qingshi,In congue. Etiam justo. Etiam pretium iaculis justo.
144,Silent Dagger,Crateús,"Morbi non lectus. Aliquam sit amet diam in magna bibendum imperdiet. Nullam orci pede, venenatis non, sodales sed, tincidunt eu, felis."
145,Red Dusk Sweep,Yekimovichi,Pellentesque at nulla. Suspendisse potenti. Cras in purus eu magna vulputate luctus.
146,Operation Steel Vortex,Ribeirão das Neves,"In sagittis dui vel nisl. Duis ac nibh. Fusce lacus purus, aliquet at, feugiat non, pretium quis, lectus."
147,Horizon Spear,Luján de Cuyo,"Mauris enim leo, rhoncus sed, vestibulum sit amet, cursus id, turpis. Integer aliquet, massa id lobortis convallis, tortor risus dapibus augue, vel accumsan tellus nisi eu orci. Mauris lacinia sapien quis libero."
148,Operation Iron Shield,Nevesinje,"Curabitur in libero ut massa volutpat convallis. Morbi odio odio, elementum eu, interdum eu, tincidunt in, leo. Maecenas pulvinar lobortis est."
149,Iron Ridge Patrol,Belo Jardim,Duis consequat dui nec nisi volutpat eleifend. Donec ut dolor. Morbi vel lectus in quam fringilla rhoncus.
150,Operation Iron Pulse,Ribeirão Pires,"Duis bibendum, felis sed interdum venenatis, turpis enim blandit mi, in porttitor pede justo eu massa. Donec dapibus. Duis at velit eu est congue elementum."
151,Desert Phantom,Pacatuba,Nulla ut erat id mauris vulputate elementum. Nullam varius. Nulla facilisi.
152,Shadow Echo,Hovorany,Phasellus sit amet erat. Nulla tempus. Vivamus in felis eu sapien cursus vestibulum.
153,Iron Dune,Golema Rečica,"Nam ultrices, libero non mattis pulvinar, nulla pede ullamcorper augue, a suscipit nulla elit ac nulla. Sed vel enim sit amet nunc viverra dapibus. Nulla suscipit ligula in lacus."
154,Operation Iron Pulse,Krasnoye,"Lorem ipsum dolor sit amet, consectetuer adipiscing elit. Proin risus. Praesent lectus."
155,Operation Northern Watch,Donghui,"In sagittis dui vel nisl. Duis ac nibh. Fusce lacus purus, aliquet at, feugiat non, pretium quis, lectus."
156,Operation Lightning Watch,Kriel,Praesent id massa id nisl venenatis lacinia. Aenean sit amet justo. Morbi ut odio.
157,Spectral Path,Guanhães,Maecenas ut massa quis augue luctus tincidunt. Nulla mollis molestie lorem. Quisque ut erat.
158,Blizzard Mantle,Hualong,Maecenas ut massa quis augue luctus tincidunt. Nulla mollis molestie lorem. Quisque ut erat.
159,Operation Night Pulse,Tanagara,"Praesent blandit. Nam nulla. Integer pede justo, lacinia eget, tincidunt eget, tempus vel, pede."
160,Stormfront Patrol,Raposeira,Maecenas ut massa quis augue luctus tincidunt. Nulla mollis molestie lorem. Quisque ut erat.
161,Scorched Valley,Kourou,"Fusce posuere felis sed lacus. Morbi sem mauris, laoreet ut, rhoncus aliquet, pulvinar sed, nisl. Nunc rhoncus dui vel sem."
162,Crimson Dawn,Santo Antônio do Amparo,"In hac habitasse platea dictumst. Morbi vestibulum, velit id pretium iaculis, diam erat fermentum justo, nec condimentum neque sapien placerat ante. Nulla justo."
163,Black Sand Recon,Mezinovskiy,"Donec diam neque, vestibulum eget, vulputate ut, ultrices vel, augue. Vestibulum ante ipsum primis in faucibus orci luctus et ultrices posuere cubilia Curae; Donec pharetra, magna vestibulum aliquet ultrices, erat tortor sollicitudin mi, sit amet lobortis sapien sapien non mi. Integer ac neque."
164,Operation Skyward,Zhuoshui,Cras non velit nec nisi vulputate nonummy. Maecenas tincidunt lacus at velit. Vivamus vel nulla eget eros elementum pellentesque.
165,Operation Sand Mirage,Resplendor,"Maecenas tristique, est et tempus semper, est quam pharetra magna, ac consequat metus sapien ut nunc. Vestibulum ante ipsum primis in faucibus orci luctus et ultrices posuere cubilia Curae; Mauris viverra diam vitae quam. Suspendisse potenti."
166,Black Sand Recon,Benešov nad Ploučnicí,Nullam sit amet turpis elementum ligula vehicula consequat. Morbi a ipsum. Integer a nibh.
167,Operation Rapid Ember,Don Tan,Nullam sit amet turpis elementum ligula vehicula consequat. Morbi a ipsum. Integer a nibh.
168,Operation Shadow Lance,Xigangzi,Nullam porttitor lacus at turpis. Donec posuere metus vitae ipsum. Aliquam non mauris.
169,Black Sand Recon,La Unión,Cras non velit nec nisi vulputate nonummy. Maecenas tincidunt lacus at velit. Vivamus vel nulla eget eros elementum pellentesque.
170,Red Dusk Sweep,Calceta,"Sed sagittis. Nam congue, risus semper porta volutpat, quam pede lobortis ligula, sit amet eleifend pede libero quis orci. Nullam molestie nibh in lectus."
171,Guardian Falcon,Donskoy,"Morbi non lectus. Aliquam sit amet diam in magna bibendum imperdiet. Nullam orci pede, venenatis non, sodales sed, tincidunt eu, felis."
172,Operation Lightning Watch,Río Ceballos,"Mauris enim leo, rhoncus sed, vestibulum sit amet, cursus id, turpis. Integer aliquet, massa id lobortis convallis, tortor risus dapibus augue, vel accumsan tellus nisi eu orci. Mauris lacinia sapien quis libero."
173,Crimson Viper,Ābdānān,Praesent id massa id nisl venenatis lacinia. Aenean sit amet justo. Morbi ut odio.
174,Frost Shield,Na Yung,Nulla ut erat id mauris vulputate elementum. Nullam varius. Nulla facilisi.
175,Crimson Viper,Pereira,Aenean lectus. Pellentesque eget nunc. Donec quis orci eget orci vehicula condimentum.
176,Urban Talon,Tari,"Lorem ipsum dolor sit amet, consectetuer adipiscing elit. Proin risus. Praesent lectus."
177,Tactical Ember,Arani,"In hac habitasse platea dictumst. Morbi vestibulum, velit id pretium iaculis, diam erat fermentum justo, nec condimentum neque sapien placerat ante. Nulla justo."
178,Deep Veil Mission,Mahaica Village,"Vestibulum ac est lacinia nisi venenatis tristique. Fusce congue, diam id ornare imperdiet, sapien urna pretium nisl, ut volutpat sapien arcu sed augue. Aliquam erat volutpat."
179,Deep Veil Mission,Baltimore,"Vestibulum quam sapien, varius ut, blandit non, interdum in, ante. Vestibulum ante ipsum primis in faucibus orci luctus et ultrices posuere cubilia Curae; Duis faucibus accumsan odio. Curabitur convallis."
180,Desert Phantom,Samho-rodongjagu,"Morbi non lectus. Aliquam sit amet diam in magna bibendum imperdiet. Nullam orci pede, venenatis non, sodales sed, tincidunt eu, felis."
181,Operation Shadow Lance,Oslo,Praesent id massa id nisl venenatis lacinia. Aenean sit amet justo. Morbi ut odio.
182,Shadow Echo,Renyi,Fusce consequat. Nulla nisl. Nunc nisl.
183,Scorched Valley,Port-au-Prince,"Cras mi pede, malesuada in, imperdiet et, commodo vulputate, justo. In blandit ultrices enim. Lorem ipsum dolor sit amet, consectetuer adipiscing elit."
184,Coastal Guard,Krasnoshchekovo,Nullam porttitor lacus at turpis. Donec posuere metus vitae ipsum. Aliquam non mauris.
185,Guardian Falcon,Antou,Fusce consequat. Nulla nisl. Nunc nisl.
186,Operation Thunder Veil,Ouro Preto,"Maecenas leo odio, condimentum id, luctus nec, molestie sed, justo. Pellentesque viverra pede ac diam. Cras pellentesque volutpat dui."
187,Falcon Strike,Puteaux,"Donec diam neque, vestibulum eget, vulputate ut, ultrices vel, augue. Vestibulum ante ipsum primis in faucibus orci luctus et ultrices posuere cubilia Curae; Donec pharetra, magna vestibulum aliquet ultrices, erat tortor sollicitudin mi, sit amet lobortis sapien sapien non mi. Integer ac neque."
188,Operation Rapid Ember,Blagoveshchensk,Suspendisse potenti. In eleifend quam a odio. In hac habitasse platea dictumst.
189,Stormfront Patrol,Sindangsari,"In sagittis dui vel nisl. Duis ac nibh. Fusce lacus purus, aliquet at, feugiat non, pretium quis, lectus."
190,Iron Tide,Xichangmen,"Quisque id justo sit amet sapien dignissim vestibulum. Vestibulum ante ipsum primis in faucibus orci luctus et ultrices posuere cubilia Curae; Nulla dapibus dolor vel est. Donec odio justo, sollicitudin ut, suscipit a, feugiat et, eros."
191,Border Blaze,Heyin,"Curabitur at ipsum ac tellus semper interdum. Mauris ullamcorper purus sit amet nulla. Quisque arcu libero, rutrum ac, lobortis vel, dapibus at, diam."
192,Scorpion Trail,Drezdenko,Aliquam quis turpis eget elit sodales scelerisque. Mauris sit amet eros. Suspendisse accumsan tortor quis turpis.
193,Operation Night Pulse,Wenfu,Phasellus sit amet erat. Nulla tempus. Vivamus in felis eu sapien cursus vestibulum.
194,Mountain Sentinel,Warnes,Nullam sit amet turpis elementum ligula vehicula consequat. Morbi a ipsum. Integer a nibh.
195,Mountain Sentinel,Novyy,Duis consequat dui nec nisi volutpat eleifend. Donec ut dolor. Morbi vel lectus in quam fringilla rhoncus.
196,Operation Shadow Lance,Matumadua,Cras non velit nec nisi vulputate nonummy. Maecenas tincidunt lacus at velit. Vivamus vel nulla eget eros elementum pellentesque.
197,Iron Dune,Nanyi,Pellentesque at nulla. Suspendisse potenti. Cras in purus eu magna vulputate luctus.
198,Silent Dagger,Orissaare,"Morbi non lectus. Aliquam sit amet diam in magna bibendum imperdiet. Nullam orci pede, venenatis non, sodales sed, tincidunt eu, felis."
199,Coastal Guard,Xinsheng,"Praesent blandit. Nam nulla. Integer pede justo, lacinia eget, tincidunt eget, tempus vel, pede."
200,Operation Steel Vortex,Lages,In hac habitasse platea dictumst. Etiam faucibus cursus urna. Ut tellus.
201,Operation Sand Mirage,Qingtang,"Fusce posuere felis sed lacus. Morbi sem mauris, laoreet ut, rhoncus aliquet, pulvinar sed, nisl. Nunc rhoncus dui vel sem."
202,Silver Arrow,Masu,"Morbi porttitor lorem id ligula. Suspendisse ornare consequat lectus. In est risus, auctor sed, tristique in, tempus sit amet, sem."
203,Mountain Sentinel,Chmielno,Duis consequat dui nec nisi volutpat eleifend. Donec ut dolor. Morbi vel lectus in quam fringilla rhoncus.
204,Frost Shield,Daireaux,"Curabitur gravida nisi at nibh. In hac habitasse platea dictumst. Aliquam augue quam, sollicitudin vitae, consectetuer eget, rutrum at, lorem."
205,Stormclaw Sweep,Dongpu,Cras non velit nec nisi vulputate nonummy. Maecenas tincidunt lacus at velit. Vivamus vel nulla eget eros elementum pellentesque.
206,Shadow Echo,Armopa,"Sed sagittis. Nam congue, risus semper porta volutpat, quam pede lobortis ligula, sit amet eleifend pede libero quis orci. Nullam molestie nibh in lectus."
207,Scorpion Trail,Tadmur,"Morbi porttitor lorem id ligula. Suspendisse ornare consequat lectus. In est risus, auctor sed, tristique in, tempus sit amet, sem."
208,Operation Sand Mirage,Miragoâne,"Maecenas leo odio, condimentum id, luctus nec, molestie sed, justo. Pellentesque viverra pede ac diam. Cras pellentesque volutpat dui."
209,Crimson Viper,Ciawitali,Suspendisse potenti. In eleifend quam a odio. In hac habitasse platea dictumst.
210,Crystal Net,Pittsburgh,Pellentesque at nulla. Suspendisse potenti. Cras in purus eu magna vulputate luctus.
211,Spectral Path,Österbybruk,"Nam ultrices, libero non mattis pulvinar, nulla pede ullamcorper augue, a suscipit nulla elit ac nulla. Sed vel enim sit amet nunc viverra dapibus. Nulla suscipit ligula in lacus."
212,Stormclaw Sweep,Longwei,Nullam sit amet turpis elementum ligula vehicula consequat. Morbi a ipsum. Integer a nibh.
213,Midnight Warden,Magarao,Sed ante. Vivamus tortor. Duis mattis egestas metus.
214,Operation Iron Shield,Duyang,In congue. Etiam justo. Etiam pretium iaculis justo.
215,Blackout Dawn,Sanguansi,"Quisque porta volutpat erat. Quisque erat eros, viverra eget, congue eget, semper rutrum, nulla. Nunc purus."
216,Operation Rapid Ember,Oliveira,"Sed sagittis. Nam congue, risus semper porta volutpat, quam pede lobortis ligula, sit amet eleifend pede libero quis orci. Nullam molestie nibh in lectus."
217,Coastal Guard,Queenstown,"Duis bibendum, felis sed interdum venenatis, turpis enim blandit mi, in porttitor pede justo eu massa. Donec dapibus. Duis at velit eu est congue elementum."
218,Operation Steel Vortex,Mēga,In quis justo. Maecenas rhoncus aliquam lacus. Morbi quis tortor id nulla ultrices aliquet.
219,Shadow Echo,Santa Tecla,Duis aliquam convallis nunc. Proin at turpis a pede posuere nonummy. Integer non velit.
220,Border Blaze,Pedreira,Duis aliquam convallis nunc. Proin at turpis a pede posuere nonummy. Integer non velit.
221,Operation Sand Mirage,Sorang,"Quisque porta volutpat erat. Quisque erat eros, viverra eget, congue eget, semper rutrum, nulla. Nunc purus."
222,Deep Veil Mission,Al Buq‘ah,"Quisque id justo sit amet sapien dignissim vestibulum. Vestibulum ante ipsum primis in faucibus orci luctus et ultrices posuere cubilia Curae; Nulla dapibus dolor vel est. Donec odio justo, sollicitudin ut, suscipit a, feugiat et, eros."
223,Urban Talon,Zvečan,"Fusce posuere felis sed lacus. Morbi sem mauris, laoreet ut, rhoncus aliquet, pulvinar sed, nisl. Nunc rhoncus dui vel sem."
224,Operation Lightning Watch,Inawashiro,"Cum sociis natoque penatibus et magnis dis parturient montes, nascetur ridiculus mus. Vivamus vestibulum sagittis sapien. Cum sociis natoque penatibus et magnis dis parturient montes, nascetur ridiculus mus."
225,Desert Phantom,Zheng’an,"Nam ultrices, libero non mattis pulvinar, nulla pede ullamcorper augue, a suscipit nulla elit ac nulla. Sed vel enim sit amet nunc viverra dapibus. Nulla suscipit ligula in lacus."
226,Operation Shadow Lance,Nuuk,Phasellus in felis. Donec semper sapien a libero. Nam dui.
227,Ocean Whisper,Jingzi,"Maecenas tristique, est et tempus semper, est quam pharetra magna, ac consequat metus sapien ut nunc. Vestibulum ante ipsum primis in faucibus orci luctus et ultrices posuere cubilia Curae; Mauris viverra diam vitae quam. Suspendisse potenti."
228,Operation Shadow Lance,Daraitan,Integer ac leo. Pellentesque ultrices mattis odio. Donec vitae nisi.
229,Iron Ridge Patrol,Sępólno Krajeńskie,Aliquam quis turpis eget elit sodales scelerisque. Mauris sit amet eros. Suspendisse accumsan tortor quis turpis.
230,Horizon Spear,Hualong,"Curabitur gravida nisi at nibh. In hac habitasse platea dictumst. Aliquam augue quam, sollicitudin vitae, consectetuer eget, rutrum at, lorem."
231,Horizon Spear,Pontevedra,"Quisque porta volutpat erat. Quisque erat eros, viverra eget, congue eget, semper rutrum, nulla. Nunc purus."
232,Coastal Guard,Pasirpengarayan,Cras non velit nec nisi vulputate nonummy. Maecenas tincidunt lacus at velit. Vivamus vel nulla eget eros elementum pellentesque.
233,Blizzard Mantle,Takikawa,Praesent id massa id nisl venenatis lacinia. Aenean sit amet justo. Morbi ut odio.
234,Deep Veil Mission,Wotan,Integer ac leo. Pellentesque ultrices mattis odio. Donec vitae nisi.
235,Stormfront Patrol,Ushumun,Nullam porttitor lacus at turpis. Donec posuere metus vitae ipsum. Aliquam non mauris.
236,Stormclaw Sweep,Doljo,"Proin eu mi. Nulla ac enim. In tempor, turpis nec euismod scelerisque, quam turpis adipiscing lorem, vitae mattis nibh ligula nec sem."
237,Fireline Barrier,Sukatani,"Morbi porttitor lorem id ligula. Suspendisse ornare consequat lectus. In est risus, auctor sed, tristique in, tempus sit amet, sem."
238,Operation Thunder Veil,Dzików Stary,In hac habitasse platea dictumst. Etiam faucibus cursus urna. Ut tellus.
239,Tactical Ember,Fangshan,"Curabitur in libero ut massa volutpat convallis. Morbi odio odio, elementum eu, interdum eu, tincidunt in, leo. Maecenas pulvinar lobortis est."
240,Scorched Valley,Shouchun,"Maecenas tristique, est et tempus semper, est quam pharetra magna, ac consequat metus sapien ut nunc. Vestibulum ante ipsum primis in faucibus orci luctus et ultrices posuere cubilia Curae; Mauris viverra diam vitae quam. Suspendisse potenti."
241,Ocean Whisper,Nanshao,Pellentesque at nulla. Suspendisse potenti. Cras in purus eu magna vulputate luctus.
242,Fireline Barrier,Rappang,"Curabitur in libero ut massa volutpat convallis. Morbi odio odio, elementum eu, interdum eu, tincidunt in, leo. Maecenas pulvinar lobortis est."
243,Scorched Valley,Nanxing,"Proin interdum mauris non ligula pellentesque ultrices. Phasellus id sapien in sapien iaculis congue. Vivamus metus arcu, adipiscing molestie, hendrerit at, vulputate vitae, nisl."
244,Operation Night Pulse,Colosó,Integer tincidunt ante vel ipsum. Praesent blandit lacinia erat. Vestibulum sed magna at nunc commodo placerat.
245,Horizon Spear,Bayaguana,"Curabitur at ipsum ac tellus semper interdum. Mauris ullamcorper purus sit amet nulla. Quisque arcu libero, rutrum ac, lobortis vel, dapibus at, diam."
246,Silver Arrow,Srbica,"Quisque id justo sit amet sapien dignissim vestibulum. Vestibulum ante ipsum primis in faucibus orci luctus et ultrices posuere cubilia Curae; Nulla dapibus dolor vel est. Donec odio justo, sollicitudin ut, suscipit a, feugiat et, eros."
247,Operation Sand Mirage,Sogod,Phasellus in felis. Donec semper sapien a libero. Nam dui.
248,Ocean Whisper,Xiaozhang,Duis bibendum. Morbi non quam nec dui luctus rutrum. Nulla tellus.
249,Operation Shadow Lance,Meilong,"Cum sociis natoque penatibus et magnis dis parturient montes, nascetur ridiculus mus. Vivamus vestibulum sagittis sapien. Cum sociis natoque penatibus et magnis dis parturient montes, nascetur ridiculus mus."
250,Coastal Guard,Paris 14,"Vestibulum quam sapien, varius ut, blandit non, interdum in, ante. Vestibulum ante ipsum primis in faucibus orci luctus et ultrices posuere cubilia Curae; Duis faucibus accumsan odio. Curabitur convallis."
251,Operation Winter Watch,Kousa,Pellentesque at nulla. Suspendisse potenti. Cras in purus eu magna vulputate luctus.
252,Scorched Valley,Aiquile,Nulla ut erat id mauris vulputate elementum. Nullam varius. Nulla facilisi.
253,Operation Winter Watch,Dokuchayevs’k,Etiam vel augue. Vestibulum rutrum rutrum neque. Aenean auctor gravida sem.
254,Mountain Sentinel,Straszydle,"Curabitur at ipsum ac tellus semper interdum. Mauris ullamcorper purus sit amet nulla. Quisque arcu libero, rutrum ac, lobortis vel, dapibus at, diam."
255,Black Sand Recon,Makueni,"Cras mi pede, malesuada in, imperdiet et, commodo vulputate, justo. In blandit ultrices enim. Lorem ipsum dolor sit amet, consectetuer adipiscing elit."
256,Frost Shield,Prey Veng,"In sagittis dui vel nisl. Duis ac nibh. Fusce lacus purus, aliquet at, feugiat non, pretium quis, lectus."
257,Stormfront Patrol,Suchy Las,Duis bibendum. Morbi non quam nec dui luctus rutrum. Nulla tellus.
258,Stormclaw Sweep,Gunungbatu,Aliquam quis turpis eget elit sodales scelerisque. Mauris sit amet eros. Suspendisse accumsan tortor quis turpis.
259,Silver Arrow,Valmiera,Phasellus in felis. Donec semper sapien a libero. Nam dui.
260,Ocean Whisper,Fastovetskaya,Phasellus sit amet erat. Nulla tempus. Vivamus in felis eu sapien cursus vestibulum.
261,Stormfront Patrol,Oued Lill,Maecenas ut massa quis augue luctus tincidunt. Nulla mollis molestie lorem. Quisque ut erat.
262,Border Blaze,San José de Río Tinto,In quis justo. Maecenas rhoncus aliquam lacus. Morbi quis tortor id nulla ultrices aliquet.
263,Iron Ridge Patrol,Felege Neway,"Cum sociis natoque penatibus et magnis dis parturient montes, nascetur ridiculus mus. Vivamus vestibulum sagittis sapien. Cum sociis natoque penatibus et magnis dis parturient montes, nascetur ridiculus mus."
264,Operation Sand Mirage,Al Mazra‘ah ash Sharqīyah,Etiam vel augue. Vestibulum rutrum rutrum neque. Aenean auctor gravida sem.
265,Operation Shadow Lance,Bangued,"Aenean fermentum. Donec ut mauris eget massa tempor convallis. Nulla neque libero, convallis eget, eleifend luctus, ultricies eu, nibh."
266,Deep Veil Mission,Verkhniy Dashkesan,Cras non velit nec nisi vulputate nonummy. Maecenas tincidunt lacus at velit. Vivamus vel nulla eget eros elementum pellentesque.
267,Operation Dark Horizon,Altay,In quis justo. Maecenas rhoncus aliquam lacus. Morbi quis tortor id nulla ultrices aliquet.
268,Crimson Viper,Kupiskis,Cras non velit nec nisi vulputate nonummy. Maecenas tincidunt lacus at velit. Vivamus vel nulla eget eros elementum pellentesque.
269,Silent Reef,Kasoa,"In hac habitasse platea dictumst. Morbi vestibulum, velit id pretium iaculis, diam erat fermentum justo, nec condimentum neque sapien placerat ante. Nulla justo."
270,Desert Phantom,Jonava,"Vestibulum ac est lacinia nisi venenatis tristique. Fusce congue, diam id ornare imperdiet, sapien urna pretium nisl, ut volutpat sapien arcu sed augue. Aliquam erat volutpat."
271,Stormclaw Sweep,Cândido Mota,"Quisque id justo sit amet sapien dignissim vestibulum. Vestibulum ante ipsum primis in faucibus orci luctus et ultrices posuere cubilia Curae; Nulla dapibus dolor vel est. Donec odio justo, sollicitudin ut, suscipit a, feugiat et, eros."
272,Silent Dagger,Sterlibashevo,Integer tincidunt ante vel ipsum. Praesent blandit lacinia erat. Vestibulum sed magna at nunc commodo placerat.
273,Operation Winter Watch,Tyumen,Nulla ut erat id mauris vulputate elementum. Nullam varius. Nulla facilisi.
274,Blackout Dawn,Jinshan,In congue. Etiam justo. Etiam pretium iaculis justo.
275,Black Sand Recon,Štitar,"In hac habitasse platea dictumst. Morbi vestibulum, velit id pretium iaculis, diam erat fermentum justo, nec condimentum neque sapien placerat ante. Nulla justo."
276,Operation Thunder Veil,Åmål,Duis consequat dui nec nisi volutpat eleifend. Donec ut dolor. Morbi vel lectus in quam fringilla rhoncus.
277,Operation Iron Pulse,Santo Niño,"In sagittis dui vel nisl. Duis ac nibh. Fusce lacus purus, aliquet at, feugiat non, pretium quis, lectus."
278,Echo Hammer,Bremen,"Praesent blandit. Nam nulla. Integer pede justo, lacinia eget, tincidunt eget, tempus vel, pede."
279,Operation Night Pulse,Eustaquio Lopez,Cras non velit nec nisi vulputate nonummy. Maecenas tincidunt lacus at velit. Vivamus vel nulla eget eros elementum pellentesque.
280,Silent Dagger,Przybiernów,Phasellus sit amet erat. Nulla tempus. Vivamus in felis eu sapien cursus vestibulum.
281,Shadow Echo,Bahorí,Maecenas ut massa quis augue luctus tincidunt. Nulla mollis molestie lorem. Quisque ut erat.
282,Mountain Sentinel,Lublin,"Morbi porttitor lorem id ligula. Suspendisse ornare consequat lectus. In est risus, auctor sed, tristique in, tempus sit amet, sem."
283,Black Sand Recon,Kovači,"In hac habitasse platea dictumst. Morbi vestibulum, velit id pretium iaculis, diam erat fermentum justo, nec condimentum neque sapien placerat ante. Nulla justo."
284,Shadow Echo,Chaloem Phra Kiat,Nullam porttitor lacus at turpis. Donec posuere metus vitae ipsum. Aliquam non mauris.
285,Operation Iron Shield,Suibara,Nullam sit amet turpis elementum ligula vehicula consequat. Morbi a ipsum. Integer a nibh.
286,Midnight Warden,Lluidas Vale,Duis consequat dui nec nisi volutpat eleifend. Donec ut dolor. Morbi vel lectus in quam fringilla rhoncus.
287,Operation Steel Vortex,Waśniów,"Proin interdum mauris non ligula pellentesque ultrices. Phasellus id sapien in sapien iaculis congue. Vivamus metus arcu, adipiscing molestie, hendrerit at, vulputate vitae, nisl."
288,Blizzard Mantle,Ithari,Integer tincidunt ante vel ipsum. Praesent blandit lacinia erat. Vestibulum sed magna at nunc commodo placerat.
289,Operation Skyward,Vuzenica,"Maecenas leo odio, condimentum id, luctus nec, molestie sed, justo. Pellentesque viverra pede ac diam. Cras pellentesque volutpat dui."
290,Urban Talon,Janowice,"Maecenas leo odio, condimentum id, luctus nec, molestie sed, justo. Pellentesque viverra pede ac diam. Cras pellentesque volutpat dui."
291,Falcon Strike,Huangsha,"Cras mi pede, malesuada in, imperdiet et, commodo vulputate, justo. In blandit ultrices enim. Lorem ipsum dolor sit amet, consectetuer adipiscing elit."
292,Operation Thunder Veil,Jalupang Dua,Pellentesque at nulla. Suspendisse potenti. Cras in purus eu magna vulputate luctus.
293,Operation Iron Pulse,Xuanhuadian,Maecenas ut massa quis augue luctus tincidunt. Nulla mollis molestie lorem. Quisque ut erat.
294,Tactical Ember,Helong,Integer ac leo. Pellentesque ultrices mattis odio. Donec vitae nisi.
295,Silent Dagger,Iyo,Aliquam quis turpis eget elit sodales scelerisque. Mauris sit amet eros. Suspendisse accumsan tortor quis turpis.
296,Iron Dune,Atlanta,"Proin interdum mauris non ligula pellentesque ultrices. Phasellus id sapien in sapien iaculis congue. Vivamus metus arcu, adipiscing molestie, hendrerit at, vulputate vitae, nisl."
297,Horizon Spear,Giv'on HaHadasha,"Cras mi pede, malesuada in, imperdiet et, commodo vulputate, justo. In blandit ultrices enim. Lorem ipsum dolor sit amet, consectetuer adipiscing elit."
298,Iron Dune,Ceper,"Quisque porta volutpat erat. Quisque erat eros, viverra eget, congue eget, semper rutrum, nulla. Nunc purus."
299,Iron Tide,Kopang Satu,Integer ac leo. Pellentesque ultrices mattis odio. Donec vitae nisi.
300,Blizzard Mantle,Ban Mai,"Quisque id justo sit amet sapien dignissim vestibulum. Vestibulum ante ipsum primis in faucibus orci luctus et ultrices posuere cubilia Curae; Nulla dapibus dolor vel est. Donec odio justo, sollicitudin ut, suscipit a, feugiat et, eros."
301,Operation Northern Watch,General Alvear,Maecenas ut massa quis augue luctus tincidunt. Nulla mollis molestie lorem. Quisque ut erat.
302,Operation Sand Mirage,Xigebi,"Morbi non lectus. Aliquam sit amet diam in magna bibendum imperdiet. Nullam orci pede, venenatis non, sodales sed, tincidunt eu, felis."
303,Operation Steel Vortex,Sanpai,"Proin leo odio, porttitor id, consequat in, consequat ut, nulla. Sed accumsan felis. Ut at dolor quis odio consequat varius."
304,Operation Iron Pulse,Kassala,"Cras mi pede, malesuada in, imperdiet et, commodo vulputate, justo. In blandit ultrices enim. Lorem ipsum dolor sit amet, consectetuer adipiscing elit."
305,Falcon Strike,20 de Noviembre,Phasellus sit amet erat. Nulla tempus. Vivamus in felis eu sapien cursus vestibulum.
306,Silent Reef,Dili,Fusce consequat. Nulla nisl. Nunc nisl.
307,Iron Ridge Patrol,Hezhang,Suspendisse potenti. In eleifend quam a odio. In hac habitasse platea dictumst.
308,Operation Shadow Lance,Jingjiang,"Mauris enim leo, rhoncus sed, vestibulum sit amet, cursus id, turpis. Integer aliquet, massa id lobortis convallis, tortor risus dapibus augue, vel accumsan tellus nisi eu orci. Mauris lacinia sapien quis libero."
309,Operation Night Pulse,Mojkovac,"Donec diam neque, vestibulum eget, vulputate ut, ultrices vel, augue. Vestibulum ante ipsum primis in faucibus orci luctus et ultrices posuere cubilia Curae; Donec pharetra, magna vestibulum aliquet ultrices, erat tortor sollicitudin mi, sit amet lobortis sapien sapien non mi. Integer ac neque."
310,Operation Winter Watch,Marale,Integer ac leo. Pellentesque ultrices mattis odio. Donec vitae nisi.
311,Coastal Guard,Kombësi,"Quisque porta volutpat erat. Quisque erat eros, viverra eget, congue eget, semper rutrum, nulla. Nunc purus."
312,Iron Ridge Patrol,Boldumsaz,"Mauris enim leo, rhoncus sed, vestibulum sit amet, cursus id, turpis. Integer aliquet, massa id lobortis convallis, tortor risus dapibus augue, vel accumsan tellus nisi eu orci. Mauris lacinia sapien quis libero."
313,Operation Rapid Ember,Bočar,"Aenean fermentum. Donec ut mauris eget massa tempor convallis. Nulla neque libero, convallis eget, eleifend luctus, ultricies eu, nibh."
314,Horizon Spear,Armash,Integer tincidunt ante vel ipsum. Praesent blandit lacinia erat. Vestibulum sed magna at nunc commodo placerat.
315,Operation Shadow Lance,Ma’an,"Morbi porttitor lorem id ligula. Suspendisse ornare consequat lectus. In est risus, auctor sed, tristique in, tempus sit amet, sem."
316,Echo Hammer,South Tangerang,"Proin eu mi. Nulla ac enim. In tempor, turpis nec euismod scelerisque, quam turpis adipiscing lorem, vitae mattis nibh ligula nec sem."
317,Falcon Strike,Västerås,Praesent id massa id nisl venenatis lacinia. Aenean sit amet justo. Morbi ut odio.
318,Operation Skyward,Kajiki,"In sagittis dui vel nisl. Duis ac nibh. Fusce lacus purus, aliquet at, feugiat non, pretium quis, lectus."
319,Falcon Strike,Fatou,Aliquam quis turpis eget elit sodales scelerisque. Mauris sit amet eros. Suspendisse accumsan tortor quis turpis.
320,Scorched Valley,Huddinge,"Cum sociis natoque penatibus et magnis dis parturient montes, nascetur ridiculus mus. Vivamus vestibulum sagittis sapien. Cum sociis natoque penatibus et magnis dis parturient montes, nascetur ridiculus mus."
321,Midnight Warden,Wierzchosławice,"Vestibulum quam sapien, varius ut, blandit non, interdum in, ante. Vestibulum ante ipsum primis in faucibus orci luctus et ultrices posuere cubilia Curae; Duis faucibus accumsan odio. Curabitur convallis."
322,Mountain Sentinel,Bajo Naranjillo,Praesent id massa id nisl venenatis lacinia. Aenean sit amet justo. Morbi ut odio.
323,Crystal Net,Diaopu,In congue. Etiam justo. Etiam pretium iaculis justo.
324,Operation Sand Mirage,Gaojia,"Morbi non lectus. Aliquam sit amet diam in magna bibendum imperdiet. Nullam orci pede, venenatis non, sodales sed, tincidunt eu, felis."
325,Silver Arrow,Bellavista,Aliquam quis turpis eget elit sodales scelerisque. Mauris sit amet eros. Suspendisse accumsan tortor quis turpis.
326,Blizzard Mantle,Légua,"Maecenas leo odio, condimentum id, luctus nec, molestie sed, justo. Pellentesque viverra pede ac diam. Cras pellentesque volutpat dui."
327,Deep Veil Mission,Sambonggede,Duis aliquam convallis nunc. Proin at turpis a pede posuere nonummy. Integer non velit.
328,Fireline Barrier,Saginaw,In quis justo. Maecenas rhoncus aliquam lacus. Morbi quis tortor id nulla ultrices aliquet.
329,Scorched Valley,Ribeira das Taínhas,Maecenas ut massa quis augue luctus tincidunt. Nulla mollis molestie lorem. Quisque ut erat.
330,Horizon Spear,Narutochō-mitsuishi,Pellentesque at nulla. Suspendisse potenti. Cras in purus eu magna vulputate luctus.
331,Silver Arrow,Ajax,"Vestibulum quam sapien, varius ut, blandit non, interdum in, ante. Vestibulum ante ipsum primis in faucibus orci luctus et ultrices posuere cubilia Curae; Duis faucibus accumsan odio. Curabitur convallis."
332,Urban Talon,Tenggong,"Proin leo odio, porttitor id, consequat in, consequat ut, nulla. Sed accumsan felis. Ut at dolor quis odio consequat varius."
333,Stormclaw Sweep,Biloxi,In hac habitasse platea dictumst. Etiam faucibus cursus urna. Ut tellus.
334,Frost Shield,Baoshan,Nulla ut erat id mauris vulputate elementum. Nullam varius. Nulla facilisi.
335,Silent Dagger,Bawshar,"Maecenas leo odio, condimentum id, luctus nec, molestie sed, justo. Pellentesque viverra pede ac diam. Cras pellentesque volutpat dui."
336,Red Dusk Sweep,Kalde Panga,Praesent id massa id nisl venenatis lacinia. Aenean sit amet justo. Morbi ut odio.
337,Operation Rapid Ember,Škofljica,Aenean lectus. Pellentesque eget nunc. Donec quis orci eget orci vehicula condimentum.
338,Operation Iron Shield,Blučina,"Cras mi pede, malesuada in, imperdiet et, commodo vulputate, justo. In blandit ultrices enim. Lorem ipsum dolor sit amet, consectetuer adipiscing elit."
339,Frost Shield,Caeté,"Nam ultrices, libero non mattis pulvinar, nulla pede ullamcorper augue, a suscipit nulla elit ac nulla. Sed vel enim sit amet nunc viverra dapibus. Nulla suscipit ligula in lacus."
340,Iron Ridge Patrol,Uummannaq,"In sagittis dui vel nisl. Duis ac nibh. Fusce lacus purus, aliquet at, feugiat non, pretium quis, lectus."
341,Spectral Path,Chelopech,"Curabitur at ipsum ac tellus semper interdum. Mauris ullamcorper purus sit amet nulla. Quisque arcu libero, rutrum ac, lobortis vel, dapibus at, diam."
342,Iron Ridge Patrol,Bang Kho Laem,"Cum sociis natoque penatibus et magnis dis parturient montes, nascetur ridiculus mus. Vivamus vestibulum sagittis sapien. Cum sociis natoque penatibus et magnis dis parturient montes, nascetur ridiculus mus."
343,Horizon Spear,Gobang,In hac habitasse platea dictumst. Etiam faucibus cursus urna. Ut tellus.
344,Guardian Falcon,Tongda,Integer ac leo. Pellentesque ultrices mattis odio. Donec vitae nisi.
345,Operation Iron Shield,Umbultanjung,Sed ante. Vivamus tortor. Duis mattis egestas metus.
346,Guardian Falcon,Novomykolayivka,"Quisque id justo sit amet sapien dignissim vestibulum. Vestibulum ante ipsum primis in faucibus orci luctus et ultrices posuere cubilia Curae; Nulla dapibus dolor vel est. Donec odio justo, sollicitudin ut, suscipit a, feugiat et, eros."
347,Echo Hammer,Bungtiang Barat,"Aenean fermentum. Donec ut mauris eget massa tempor convallis. Nulla neque libero, convallis eget, eleifend luctus, ultricies eu, nibh."
348,Guardian Falcon,Chartres,In congue. Etiam justo. Etiam pretium iaculis justo.
349,Operation Rapid Ember,Joaçaba,"Morbi non lectus. Aliquam sit amet diam in magna bibendum imperdiet. Nullam orci pede, venenatis non, sodales sed, tincidunt eu, felis."
350,Operation Northern Watch,Qal‘at al Andalus,"Cum sociis natoque penatibus et magnis dis parturient montes, nascetur ridiculus mus. Vivamus vestibulum sagittis sapien. Cum sociis natoque penatibus et magnis dis parturient montes, nascetur ridiculus mus."
351,Guardian Falcon,Tarui,Aenean lectus. Pellentesque eget nunc. Donec quis orci eget orci vehicula condimentum.
352,Midnight Warden,Envira,"Quisque porta volutpat erat. Quisque erat eros, viverra eget, congue eget, semper rutrum, nulla. Nunc purus."
353,Scorched Valley,Sinhyeon,"Quisque id justo sit amet sapien dignissim vestibulum. Vestibulum ante ipsum primis in faucibus orci luctus et ultrices posuere cubilia Curae; Nulla dapibus dolor vel est. Donec odio justo, sollicitudin ut, suscipit a, feugiat et, eros."
354,Stormfront Patrol,Presidencia Roque Sáenz Peña,Cras non velit nec nisi vulputate nonummy. Maecenas tincidunt lacus at velit. Vivamus vel nulla eget eros elementum pellentesque.
355,Urban Talon,Usatove,"Aenean fermentum. Donec ut mauris eget massa tempor convallis. Nulla neque libero, convallis eget, eleifend luctus, ultricies eu, nibh."
356,Red Dusk Sweep,Rude,"Quisque porta volutpat erat. Quisque erat eros, viverra eget, congue eget, semper rutrum, nulla. Nunc purus."
357,Operation Thunder Veil,Póvoa de Penela,"In hac habitasse platea dictumst. Morbi vestibulum, velit id pretium iaculis, diam erat fermentum justo, nec condimentum neque sapien placerat ante. Nulla justo."
358,Falcon Strike,Mozhga,"Lorem ipsum dolor sit amet, consectetuer adipiscing elit. Proin risus. Praesent lectus."
359,Ocean Whisper,Danidehe,Praesent id massa id nisl venenatis lacinia. Aenean sit amet justo. Morbi ut odio.
360,Operation Thunder Veil,Juxing,"Vestibulum quam sapien, varius ut, blandit non, interdum in, ante. Vestibulum ante ipsum primis in faucibus orci luctus et ultrices posuere cubilia Curae; Duis faucibus accumsan odio. Curabitur convallis."
361,Operation Sand Mirage,Xigaoshan,"Donec diam neque, vestibulum eget, vulputate ut, ultrices vel, augue. Vestibulum ante ipsum primis in faucibus orci luctus et ultrices posuere cubilia Curae; Donec pharetra, magna vestibulum aliquet ultrices, erat tortor sollicitudin mi, sit amet lobortis sapien sapien non mi. Integer ac neque."
362,Operation Winter Watch,Zengtian,"Duis bibendum, felis sed interdum venenatis, turpis enim blandit mi, in porttitor pede justo eu massa. Donec dapibus. Duis at velit eu est congue elementum."
363,Blackout Dawn,Cruces,"Aenean fermentum. Donec ut mauris eget massa tempor convallis. Nulla neque libero, convallis eget, eleifend luctus, ultricies eu, nibh."
364,Shadow Echo,Dębowiec,Cras non velit nec nisi vulputate nonummy. Maecenas tincidunt lacus at velit. Vivamus vel nulla eget eros elementum pellentesque.
365,Stormclaw Sweep,Sydney,In hac habitasse platea dictumst. Etiam faucibus cursus urna. Ut tellus.
366,Operation Winter Watch,San Luis Ixcán,"Maecenas tristique, est et tempus semper, est quam pharetra magna, ac consequat metus sapien ut nunc. Vestibulum ante ipsum primis in faucibus orci luctus et ultrices posuere cubilia Curae; Mauris viverra diam vitae quam. Suspendisse potenti."
367,Operation Skyward,Bombon,Integer tincidunt ante vel ipsum. Praesent blandit lacinia erat. Vestibulum sed magna at nunc commodo placerat.
368,Tactical Ember,Bemposta,In quis justo. Maecenas rhoncus aliquam lacus. Morbi quis tortor id nulla ultrices aliquet.
369,Operation Shadow Lance,Aughrim,"Curabitur at ipsum ac tellus semper interdum. Mauris ullamcorper purus sit amet nulla. Quisque arcu libero, rutrum ac, lobortis vel, dapibus at, diam."
370,Silent Dagger,Arys,"Vestibulum ac est lacinia nisi venenatis tristique. Fusce congue, diam id ornare imperdiet, sapien urna pretium nisl, ut volutpat sapien arcu sed augue. Aliquam erat volutpat."
371,Crystal Net,Suzdal’,Phasellus in felis. Donec semper sapien a libero. Nam dui.
372,Operation Skyward,Kalimati,Integer ac leo. Pellentesque ultrices mattis odio. Donec vitae nisi.
373,Crimson Dawn,Sitampiky,"Cras mi pede, malesuada in, imperdiet et, commodo vulputate, justo. In blandit ultrices enim. Lorem ipsum dolor sit amet, consectetuer adipiscing elit."
374,Silent Reef,Hödrögö,"Morbi non lectus. Aliquam sit amet diam in magna bibendum imperdiet. Nullam orci pede, venenatis non, sodales sed, tincidunt eu, felis."
375,Coastal Guard,Dulce Nombre,"In hac habitasse platea dictumst. Morbi vestibulum, velit id pretium iaculis, diam erat fermentum justo, nec condimentum neque sapien placerat ante. Nulla justo."
376,Silent Dagger,Isesaki,Aenean lectus. Pellentesque eget nunc. Donec quis orci eget orci vehicula condimentum.
377,Falcon Strike,Senhor do Bonfim,Fusce consequat. Nulla nisl. Nunc nisl.
378,Operation Iron Shield,Mojkovac,"Cras mi pede, malesuada in, imperdiet et, commodo vulputate, justo. In blandit ultrices enim. Lorem ipsum dolor sit amet, consectetuer adipiscing elit."
379,Stormfront Patrol,Rossosh’,Duis aliquam convallis nunc. Proin at turpis a pede posuere nonummy. Integer non velit.
380,Desert Phantom,Waepau,Praesent id massa id nisl venenatis lacinia. Aenean sit amet justo. Morbi ut odio.
381,Blizzard Mantle,Bautista,In quis justo. Maecenas rhoncus aliquam lacus. Morbi quis tortor id nulla ultrices aliquet.
382,Operation Rapid Ember,Vila Franca,"Curabitur gravida nisi at nibh. In hac habitasse platea dictumst. Aliquam augue quam, sollicitudin vitae, consectetuer eget, rutrum at, lorem."
383,Operation Thunder Veil,Bissau,Integer tincidunt ante vel ipsum. Praesent blandit lacinia erat. Vestibulum sed magna at nunc commodo placerat.
384,Operation Lightning Watch,Angoulême,"Proin leo odio, porttitor id, consequat in, consequat ut, nulla. Sed accumsan felis. Ut at dolor quis odio consequat varius."
385,Deep Veil Mission,Zhenzhushan,"Lorem ipsum dolor sit amet, consectetuer adipiscing elit. Proin risus. Praesent lectus."
386,Blizzard Mantle,Fond du Sac,"Cras mi pede, malesuada in, imperdiet et, commodo vulputate, justo. In blandit ultrices enim. Lorem ipsum dolor sit amet, consectetuer adipiscing elit."
387,Border Blaze,Ålesund,"Fusce posuere felis sed lacus. Morbi sem mauris, laoreet ut, rhoncus aliquet, pulvinar sed, nisl. Nunc rhoncus dui vel sem."
388,Operation Dark Horizon,Obikiik,"Quisque id justo sit amet sapien dignissim vestibulum. Vestibulum ante ipsum primis in faucibus orci luctus et ultrices posuere cubilia Curae; Nulla dapibus dolor vel est. Donec odio justo, sollicitudin ut, suscipit a, feugiat et, eros."
389,Falcon Strike,Rocky Mountain House,Duis consequat dui nec nisi volutpat eleifend. Donec ut dolor. Morbi vel lectus in quam fringilla rhoncus.
390,Fireline Barrier,Cimonyong,Cras non velit nec nisi vulputate nonummy. Maecenas tincidunt lacus at velit. Vivamus vel nulla eget eros elementum pellentesque.
391,Blizzard Mantle,Tinalmud,"Quisque id justo sit amet sapien dignissim vestibulum. Vestibulum ante ipsum primis in faucibus orci luctus et ultrices posuere cubilia Curae; Nulla dapibus dolor vel est. Donec odio justo, sollicitudin ut, suscipit a, feugiat et, eros."
392,Silver Arrow,Cireundang,Duis consequat dui nec nisi volutpat eleifend. Donec ut dolor. Morbi vel lectus in quam fringilla rhoncus.
393,Operation Iron Pulse,Aldeia da Piedade,"Curabitur in libero ut massa volutpat convallis. Morbi odio odio, elementum eu, interdum eu, tincidunt in, leo. Maecenas pulvinar lobortis est."
394,Scorpion Trail,Changhao,"Vestibulum quam sapien, varius ut, blandit non, interdum in, ante. Vestibulum ante ipsum primis in faucibus orci luctus et ultrices posuere cubilia Curae; Duis faucibus accumsan odio. Curabitur convallis."
395,Mountain Sentinel,Ostrožac,"Quisque porta volutpat erat. Quisque erat eros, viverra eget, congue eget, semper rutrum, nulla. Nunc purus."
396,Echo Hammer,Bulongji,"Proin leo odio, porttitor id, consequat in, consequat ut, nulla. Sed accumsan felis. Ut at dolor quis odio consequat varius."
397,Frost Shield,Tinogasta,Maecenas ut massa quis augue luctus tincidunt. Nulla mollis molestie lorem. Quisque ut erat.
398,Operation Shadow Lance,Virginia,"In hac habitasse platea dictumst. Morbi vestibulum, velit id pretium iaculis, diam erat fermentum justo, nec condimentum neque sapien placerat ante. Nulla justo."
399,Scorpion Trail,Hatu Buh,"Vestibulum ac est lacinia nisi venenatis tristique. Fusce congue, diam id ornare imperdiet, sapien urna pretium nisl, ut volutpat sapien arcu sed augue. Aliquam erat volutpat."
400,Silent Reef,Phibun Mangsahan,"Curabitur gravida nisi at nibh. In hac habitasse platea dictumst. Aliquam augue quam, sollicitudin vitae, consectetuer eget, rutrum at, lorem."
401,Operation Steel Vortex,Shuangkou,Nulla ut erat id mauris vulputate elementum. Nullam varius. Nulla facilisi.
402,Desert Storm Recon,San José de Jáchal,Etiam vel augue. Vestibulum rutrum rutrum neque. Aenean auctor gravida sem.
403,Mountain Sentinel,Longtanping,Duis bibendum. Morbi non quam nec dui luctus rutrum. Nulla tellus.
404,Silent Dagger,Sydney,Phasellus in felis. Donec semper sapien a libero. Nam dui.
405,Crystal Net,Limulunga,"Quisque porta volutpat erat. Quisque erat eros, viverra eget, congue eget, semper rutrum, nulla. Nunc purus."
406,Urban Talon,Ḑubāh,Duis consequat dui nec nisi volutpat eleifend. Donec ut dolor. Morbi vel lectus in quam fringilla rhoncus.
407,Falcon Strike,Guder Lao,"Cum sociis natoque penatibus et magnis dis parturient montes, nascetur ridiculus mus. Vivamus vestibulum sagittis sapien. Cum sociis natoque penatibus et magnis dis parturient montes, nascetur ridiculus mus."
408,Desert Phantom,Bambor,Duis bibendum. Morbi non quam nec dui luctus rutrum. Nulla tellus.
409,Urban Talon,Zhen’an,"Proin leo odio, porttitor id, consequat in, consequat ut, nulla. Sed accumsan felis. Ut at dolor quis odio consequat varius."
410,Fireline Barrier,Horka nad Moravou,"Maecenas leo odio, condimentum id, luctus nec, molestie sed, justo. Pellentesque viverra pede ac diam. Cras pellentesque volutpat dui."
411,Operation Iron Pulse,Humniska,Suspendisse potenti. In eleifend quam a odio. In hac habitasse platea dictumst.
412,Frost Shield,Ögöömör,"Praesent blandit. Nam nulla. Integer pede justo, lacinia eget, tincidunt eget, tempus vel, pede."
413,Blizzard Mantle,Canjulao,Aenean lectus. Pellentesque eget nunc. Donec quis orci eget orci vehicula condimentum.
414,Operation Rapid Ember,Qarqania,Phasellus in felis. Donec semper sapien a libero. Nam dui.
415,Midnight Warden,Las Toscas,"Proin leo odio, porttitor id, consequat in, consequat ut, nulla. Sed accumsan felis. Ut at dolor quis odio consequat varius."
416,Operation Thunder Veil,El Sauce,Phasellus in felis. Donec semper sapien a libero. Nam dui.
417,Iron Tide,Laraos,Cras non velit nec nisi vulputate nonummy. Maecenas tincidunt lacus at velit. Vivamus vel nulla eget eros elementum pellentesque.
418,Operation Night Pulse,Linglong,In quis justo. Maecenas rhoncus aliquam lacus. Morbi quis tortor id nulla ultrices aliquet.
419,Operation Shadow Lance,Issy-les-Moulineaux,"Curabitur in libero ut massa volutpat convallis. Morbi odio odio, elementum eu, interdum eu, tincidunt in, leo. Maecenas pulvinar lobortis est."
420,Operation Rapid Ember,Gostynin,Phasellus in felis. Donec semper sapien a libero. Nam dui.
421,Operation Lightning Watch,Pubal,Maecenas ut massa quis augue luctus tincidunt. Nulla mollis molestie lorem. Quisque ut erat.
422,Frost Shield,Fenchen,Suspendisse potenti. In eleifend quam a odio. In hac habitasse platea dictumst.
423,Crimson Viper,Ciénaga de Oro,Aliquam quis turpis eget elit sodales scelerisque. Mauris sit amet eros. Suspendisse accumsan tortor quis turpis.
424,Coastal Guard,Thị Xã Lai Châu,Sed ante. Vivamus tortor. Duis mattis egestas metus.
425,Operation Winter Watch,Jaciara,Pellentesque at nulla. Suspendisse potenti. Cras in purus eu magna vulputate luctus.
426,Operation Iron Shield,Tucson,Nulla ut erat id mauris vulputate elementum. Nullam varius. Nulla facilisi.
427,Desert Phantom,Masantol,Aliquam quis turpis eget elit sodales scelerisque. Mauris sit amet eros. Suspendisse accumsan tortor quis turpis.
428,Operation Rapid Ember,Čeladná,Nulla ut erat id mauris vulputate elementum. Nullam varius. Nulla facilisi.
429,Operation Lightning Watch,Socos,Praesent id massa id nisl venenatis lacinia. Aenean sit amet justo. Morbi ut odio.
430,Silent Dagger,Rengang,"Quisque porta volutpat erat. Quisque erat eros, viverra eget, congue eget, semper rutrum, nulla. Nunc purus."
431,Desert Phantom,Dongfeng,"Donec diam neque, vestibulum eget, vulputate ut, ultrices vel, augue. Vestibulum ante ipsum primis in faucibus orci luctus et ultrices posuere cubilia Curae; Donec pharetra, magna vestibulum aliquet ultrices, erat tortor sollicitudin mi, sit amet lobortis sapien sapien non mi. Integer ac neque."
432,Horizon Spear,Ccuntuma,Fusce consequat. Nulla nisl. Nunc nisl.
433,Shadow Echo,Diez de Octubre,"Proin leo odio, porttitor id, consequat in, consequat ut, nulla. Sed accumsan felis. Ut at dolor quis odio consequat varius."
434,Scorpion Trail,Masvingo,"Cras mi pede, malesuada in, imperdiet et, commodo vulputate, justo. In blandit ultrices enim. Lorem ipsum dolor sit amet, consectetuer adipiscing elit."
435,Operation Thunder Veil,Xinsheng,"Sed sagittis. Nam congue, risus semper porta volutpat, quam pede lobortis ligula, sit amet eleifend pede libero quis orci. Nullam molestie nibh in lectus."
436,Operation Steel Vortex,Fenghuang,"Maecenas tristique, est et tempus semper, est quam pharetra magna, ac consequat metus sapien ut nunc. Vestibulum ante ipsum primis in faucibus orci luctus et ultrices posuere cubilia Curae; Mauris viverra diam vitae quam. Suspendisse potenti."
437,Ocean Whisper,Matam,Integer ac leo. Pellentesque ultrices mattis odio. Donec vitae nisi.
438,Border Blaze,Sv. Ana v Slov. Goricah,"Curabitur at ipsum ac tellus semper interdum. Mauris ullamcorper purus sit amet nulla. Quisque arcu libero, rutrum ac, lobortis vel, dapibus at, diam."
439,Blackout Dawn,Cabra Figa,"Donec diam neque, vestibulum eget, vulputate ut, ultrices vel, augue. Vestibulum ante ipsum primis in faucibus orci luctus et ultrices posuere cubilia Curae; Donec pharetra, magna vestibulum aliquet ultrices, erat tortor sollicitudin mi, sit amet lobortis sapien sapien non mi. Integer ac neque."
440,Operation Skyward,Krasnyy Luch,Nullam porttitor lacus at turpis. Donec posuere metus vitae ipsum. Aliquam non mauris.
441,Frost Shield,Vilarelho,In congue. Etiam justo. Etiam pretium iaculis justo.
442,Ocean Whisper,Shali,Fusce consequat. Nulla nisl. Nunc nisl.
443,Operation Iron Pulse,Fort Wayne,Aliquam quis turpis eget elit sodales scelerisque. Mauris sit amet eros. Suspendisse accumsan tortor quis turpis.
444,Silent Dagger,Khoroshëvo-Mnevniki,"Quisque porta volutpat erat. Quisque erat eros, viverra eget, congue eget, semper rutrum, nulla. Nunc purus."
445,Stormclaw Sweep,Shijiazhai,"Cras mi pede, malesuada in, imperdiet et, commodo vulputate, justo. In blandit ultrices enim. Lorem ipsum dolor sit amet, consectetuer adipiscing elit."
446,Operation Iron Shield,Wucun,Nulla ut erat id mauris vulputate elementum. Nullam varius. Nulla facilisi.
447,Deep Veil Mission,Jūrīsh,In quis justo. Maecenas rhoncus aliquam lacus. Morbi quis tortor id nulla ultrices aliquet.
448,Desert Phantom,Pangkalan,Sed ante. Vivamus tortor. Duis mattis egestas metus.
449,Echo Hammer,Beaufort West,"Morbi porttitor lorem id ligula. Suspendisse ornare consequat lectus. In est risus, auctor sed, tristique in, tempus sit amet, sem."
450,Fireline Barrier,Abreu e Lima,"Proin eu mi. Nulla ac enim. In tempor, turpis nec euismod scelerisque, quam turpis adipiscing lorem, vitae mattis nibh ligula nec sem."
451,Iron Tide,Budapest,"Nam ultrices, libero non mattis pulvinar, nulla pede ullamcorper augue, a suscipit nulla elit ac nulla. Sed vel enim sit amet nunc viverra dapibus. Nulla suscipit ligula in lacus."
452,Mountain Sentinel,Muarapinang,Aenean lectus. Pellentesque eget nunc. Donec quis orci eget orci vehicula condimentum.
453,Mountain Sentinel,Sarongan,Aenean lectus. Pellentesque eget nunc. Donec quis orci eget orci vehicula condimentum.
454,Crimson Viper,Fenghuangdong,"Proin leo odio, porttitor id, consequat in, consequat ut, nulla. Sed accumsan felis. Ut at dolor quis odio consequat varius."
455,Falcon Strike,Peer,Nulla ut erat id mauris vulputate elementum. Nullam varius. Nulla facilisi.
456,Desert Phantom,Bang Pahan,"Praesent blandit. Nam nulla. Integer pede justo, lacinia eget, tincidunt eget, tempus vel, pede."
457,Blackout Dawn,Xigebi,Nulla ut erat id mauris vulputate elementum. Nullam varius. Nulla facilisi.
458,Border Blaze,Hōjō,Duis aliquam convallis nunc. Proin at turpis a pede posuere nonummy. Integer non velit.
459,Operation Iron Pulse,Reforma,"In hac habitasse platea dictumst. Morbi vestibulum, velit id pretium iaculis, diam erat fermentum justo, nec condimentum neque sapien placerat ante. Nulla justo."
460,Operation Skyward,Krajan Pakel,"Aenean fermentum. Donec ut mauris eget massa tempor convallis. Nulla neque libero, convallis eget, eleifend luctus, ultricies eu, nibh."
461,Shadow Echo,Phan Thong,Integer tincidunt ante vel ipsum. Praesent blandit lacinia erat. Vestibulum sed magna at nunc commodo placerat.
462,Operation Steel Vortex,Shuangchahe,Duis bibendum. Morbi non quam nec dui luctus rutrum. Nulla tellus.
463,Desert Phantom,Den Haag,In hac habitasse platea dictumst. Etiam faucibus cursus urna. Ut tellus.
464,Spectral Path,Kortkeros,Maecenas ut massa quis augue luctus tincidunt. Nulla mollis molestie lorem. Quisque ut erat.
465,Shadow Echo,Shakhty,"Praesent blandit. Nam nulla. Integer pede justo, lacinia eget, tincidunt eget, tempus vel, pede."
466,Desert Storm Recon,El Paso,"Donec diam neque, vestibulum eget, vulputate ut, ultrices vel, augue. Vestibulum ante ipsum primis in faucibus orci luctus et ultrices posuere cubilia Curae; Donec pharetra, magna vestibulum aliquet ultrices, erat tortor sollicitudin mi, sit amet lobortis sapien sapien non mi. Integer ac neque."
467,Iron Ridge Patrol,Sakon Nakhon,"Vestibulum ac est lacinia nisi venenatis tristique. Fusce congue, diam id ornare imperdiet, sapien urna pretium nisl, ut volutpat sapien arcu sed augue. Aliquam erat volutpat."
468,Operation Steel Vortex,Mushie,"Fusce posuere felis sed lacus. Morbi sem mauris, laoreet ut, rhoncus aliquet, pulvinar sed, nisl. Nunc rhoncus dui vel sem."
469,Blackout Dawn,West Palm Beach,Duis aliquam convallis nunc. Proin at turpis a pede posuere nonummy. Integer non velit.
470,Fireline Barrier,Matanog,"Proin leo odio, porttitor id, consequat in, consequat ut, nulla. Sed accumsan felis. Ut at dolor quis odio consequat varius."
471,Operation Iron Pulse,Mahalapye,"Vestibulum ac est lacinia nisi venenatis tristique. Fusce congue, diam id ornare imperdiet, sapien urna pretium nisl, ut volutpat sapien arcu sed augue. Aliquam erat volutpat."
472,Desert Storm Recon,Rybatskoye,"Mauris enim leo, rhoncus sed, vestibulum sit amet, cursus id, turpis. Integer aliquet, massa id lobortis convallis, tortor risus dapibus augue, vel accumsan tellus nisi eu orci. Mauris lacinia sapien quis libero."
473,Iron Ridge Patrol,Moutsamoudou,"Proin interdum mauris non ligula pellentesque ultrices. Phasellus id sapien in sapien iaculis congue. Vivamus metus arcu, adipiscing molestie, hendrerit at, vulputate vitae, nisl."
474,Echo Hammer,Sochaux,In congue. Etiam justo. Etiam pretium iaculis justo.
475,Urban Talon,Qümong,In hac habitasse platea dictumst. Etiam faucibus cursus urna. Ut tellus.
476,Iron Ridge Patrol,Thị Trấn Việt Quang,"Aenean fermentum. Donec ut mauris eget massa tempor convallis. Nulla neque libero, convallis eget, eleifend luctus, ultricies eu, nibh."
477,Blackout Dawn,Yotala,Aliquam quis turpis eget elit sodales scelerisque. Mauris sit amet eros. Suspendisse accumsan tortor quis turpis.
478,Operation Sand Mirage,Bilaran,Duis consequat dui nec nisi volutpat eleifend. Donec ut dolor. Morbi vel lectus in quam fringilla rhoncus.
479,Horizon Spear,Semirara,"Lorem ipsum dolor sit amet, consectetuer adipiscing elit. Proin risus. Praesent lectus."
480,Operation Night Pulse,Göteborg,In quis justo. Maecenas rhoncus aliquam lacus. Morbi quis tortor id nulla ultrices aliquet.
481,Operation Steel Vortex,Ngulakan,"Vestibulum ac est lacinia nisi venenatis tristique. Fusce congue, diam id ornare imperdiet, sapien urna pretium nisl, ut volutpat sapien arcu sed augue. Aliquam erat volutpat."
482,Border Blaze,La Cruz,Aenean lectus. Pellentesque eget nunc. Donec quis orci eget orci vehicula condimentum.
483,Operation Iron Shield,Sadao,"Quisque id justo sit amet sapien dignissim vestibulum. Vestibulum ante ipsum primis in faucibus orci luctus et ultrices posuere cubilia Curae; Nulla dapibus dolor vel est. Donec odio justo, sollicitudin ut, suscipit a, feugiat et, eros."
484,Crimson Dawn,Ordino,Cras non velit nec nisi vulputate nonummy. Maecenas tincidunt lacus at velit. Vivamus vel nulla eget eros elementum pellentesque.
485,Operation Iron Pulse,Anguera,"Curabitur at ipsum ac tellus semper interdum. Mauris ullamcorper purus sit amet nulla. Quisque arcu libero, rutrum ac, lobortis vel, dapibus at, diam."
486,Iron Dune,Nidek,In quis justo. Maecenas rhoncus aliquam lacus. Morbi quis tortor id nulla ultrices aliquet.
487,Operation Night Pulse,Ialibu,Praesent id massa id nisl venenatis lacinia. Aenean sit amet justo. Morbi ut odio.
488,Frost Shield,La Talaudière,"Aenean fermentum. Donec ut mauris eget massa tempor convallis. Nulla neque libero, convallis eget, eleifend luctus, ultricies eu, nibh."
489,Guardian Falcon,Norrtälje,Etiam vel augue. Vestibulum rutrum rutrum neque. Aenean auctor gravida sem.
490,Black Sand Recon,Palalang,"Morbi non lectus. Aliquam sit amet diam in magna bibendum imperdiet. Nullam orci pede, venenatis non, sodales sed, tincidunt eu, felis."
491,Fireline Barrier,Leiden,"Proin eu mi. Nulla ac enim. In tempor, turpis nec euismod scelerisque, quam turpis adipiscing lorem, vitae mattis nibh ligula nec sem."
492,Crystal Net,Cerro Blanco,Phasellus in felis. Donec semper sapien a libero. Nam dui.
493,Operation Dark Horizon,Dukuhpicung,Sed ante. Vivamus tortor. Duis mattis egestas metus.
494,Scorpion Trail,Tuchola,"Morbi porttitor lorem id ligula. Suspendisse ornare consequat lectus. In est risus, auctor sed, tristique in, tempus sit amet, sem."
495,Iron Ridge Patrol,Sidem,Aenean lectus. Pellentesque eget nunc. Donec quis orci eget orci vehicula condimentum.
496,Operation Rapid Ember,Aplahoué,"Proin interdum mauris non ligula pellentesque ultrices. Phasellus id sapien in sapien iaculis congue. Vivamus metus arcu, adipiscing molestie, hendrerit at, vulputate vitae, nisl."
497,Stormfront Patrol,Itako,Integer ac leo. Pellentesque ultrices mattis odio. Donec vitae nisi.
498,Operation Northern Watch,Ash Shafā,"Donec diam neque, vestibulum eget, vulputate ut, ultrices vel, augue. Vestibulum ante ipsum primis in faucibus orci luctus et ultrices posuere cubilia Curae; Donec pharetra, magna vestibulum aliquet ultrices, erat tortor sollicitudin mi, sit amet lobortis sapien sapien non mi. Integer ac neque."
499,Stormclaw Sweep,Poxin,Suspendisse potenti. In eleifend quam a odio. In hac habitasse platea dictumst.
500,Midnight Warden,Zográfos,Integer tincidunt ante vel ipsum. Praesent blandit lacinia erat. Vestibulum sed magna at nunc commodo placerat.
